Sequence ID,Sequence,Fitness
L215F,MSAPFAKFPSSASISPNPFTVSIPDEQLDDLKTLVRLSKIAPPTYESLQADGRFGITSEWLTTMREKWLSEFDWRPFEARLNSFPQFTTEIEGLTIHFAALFSEREDAVPIALLHGWPGSFVEFYPILQLFREEYTPETLPFHLVVPSLPGYTFSSGPPLDKDFGLMDNARVVDQLMKDLGFGSGYIIQGGDIGSFVGRLLGVGFDACKAVHLNFCAMRAPPEGPSIESLSAAEKEGIARMEKFMTDGLAYAMEHSTRPSTIGHVLSSSPIALLAWIGEKYLQWVDKPLPSETILEMVSLYWLTESFPRAIHTYRETTPTASAPNGATMLQKELYIHKPFGFSFFPKDLCPVPRSWIATTGNLVFFRDHAEGGHFAALERPRELKTDLTAFVEQVWQK,12
A217N,MSAPFAKFPSSASISPNPFTVSIPDEQLDDLKTLVRLSKIAPPTYESLQADGRFGITSEWLTTMREKWLSEFDWRPFEARLNSFPQFTTEIEGLTIHFAALFSEREDAVPIALLHGWPGSFVEFYPILQLFREEYTPETLPFHLVVPSLPGYTFSSGPPLDKDFGLMDNARVVDQLMKDLGFGSGYIIQGGDIGSFVGRLLGVGFDACKAVHLNLCNMRAPPEGPSIESLSAAEKEGIARMEKFMTDGLAYAMEHSTRPSTIGHVLSSSPIALLAWIGEKYLQWVDKPLPSETILEMVSLYWLTESFPRAIHTYRETTPTASAPNGATMLQKELYIHKPFGFSFFPKDLCPVPRSWIATTGNLVFFRDHAEGGHFAALERPRELKTDLTAFVEQVWQK,7
R219S,MSAPFAKFPSSASISPNPFTVSIPDEQLDDLKTLVRLSKIAPPTYESLQADGRFGITSEWLTTMREKWLSEFDWRPFEARLNSFPQFTTEIEGLTIHFAALFSEREDAVPIALLHGWPGSFVEFYPILQLFREEYTPETLPFHLVVPSLPGYTFSSGPPLDKDFGLMDNARVVDQLMKDLGFGSGYIIQGGDIGSFVGRLLGVGFDACKAVHLNLCAMSAPPEGPSIESLSAAEKEGIARMEKFMTDGLAYAMEHSTRPSTIGHVLSSSPIALLAWIGEKYLQWVDKPLPSETILEMVSLYWLTESFPRAIHTYRETTPTASAPNGATMLQKELYIHKPFGFSFFPKDLCPVPRSWIATTGNLVFFRDHAEGGHFAALERPRELKTDLTAFVEQVWQK,4
L249Y,MSAPFAKFPSSASISPNPFTVSIPDEQLDDLKTLVRLSKIAPPTYESLQADGRFGITSEWLTTMREKWLSEFDWRPFEARLNSFPQFTTEIEGLTIHFAALFSEREDAVPIALLHGWPGSFVEFYPILQLFREEYTPETLPFHLVVPSLPGYTFSSGPPLDKDFGLMDNARVVDQLMKDLGFGSGYIIQGGDIGSFVGRLLGVGFDACKAVHLNLCAMRAPPEGPSIESLSAAEKEGIARMEKFMTDGYAYAMEHSTRPSTIGHVLSSSPIALLAWIGEKYLQWVDKPLPSETILEMVSLYWLTESFPRAIHTYRETTPTASAPNGATMLQKELYIHKPFGFSFFPKDLCPVPRSWIATTGNLVFFRDHAEGGHFAALERPRELKTDLTAFVEQVWQK,4
T317W,MSAPFAKFPSSASISPNPFTVSIPDEQLDDLKTLVRLSKIAPPTYESLQADGRFGITSEWLTTMREKWLSEFDWRPFEARLNSFPQFTTEIEGLTIHFAALFSEREDAVPIALLHGWPGSFVEFYPILQLFREEYTPETLPFHLVVPSLPGYTFSSGPPLDKDFGLMDNARVVDQLMKDLGFGSGYIIQGGDIGSFVGRLLGVGFDACKAVHLNLCAMRAPPEGPSIESLSAAEKEGIARMEKFMTDGLAYAMEHSTRPSTIGHVLSSSPIALLAWIGEKYLQWVDKPLPSETILEMVSLYWLTESFPRAIHTYREWTPTASAPNGATMLQKELYIHKPFGFSFFPKDLCPVPRSWIATTGNLVFFRDHAEGGHFAALERPRELKTDLTAFVEQVWQK,12
T318V,MSAPFAKFPSSASISPNPFTVSIPDEQLDDLKTLVRLSKIAPPTYESLQADGRFGITSEWLTTMREKWLSEFDWRPFEARLNSFPQFTTEIEGLTIHFAALFSEREDAVPIALLHGWPGSFVEFYPILQLFREEYTPETLPFHLVVPSLPGYTFSSGPPLDKDFGLMDNARVVDQLMKDLGFGSGYIIQGGDIGSFVGRLLGVGFDACKAVHLNLCAMRAPPEGPSIESLSAAEKEGIARMEKFMTDGLAYAMEHSTRPSTIGHVLSSSPIALLAWIGEKYLQWVDKPLPSETILEMVSLYWLTESFPRAIHTYRETVPTASAPNGATMLQKELYIHKPFGFSFFPKDLCPVPRSWIATTGNLVFFRDHAEGGHFAALERPRELKTDLTAFVEQVWQK,4
M329P,MSAPFAKFPSSASISPNPFTVSIPDEQLDDLKTLVRLSKIAPPTYESLQADGRFGITSEWLTTMREKWLSEFDWRPFEARLNSFPQFTTEIEGLTIHFAALFSEREDAVPIALLHGWPGSFVEFYPILQLFREEYTPETLPFHLVVPSLPGYTFSSGPPLDKDFGLMDNARVVDQLMKDLGFGSGYIIQGGDIGSFVGRLLGVGFDACKAVHLNLCAMRAPPEGPSIESLSAAEKEGIARMEKFMTDGLAYAMEHSTRPSTIGHVLSSSPIALLAWIGEKYLQWVDKPLPSETILEMVSLYWLTESFPRAIHTYRETTPTASAPNGATPLQKELYIHKPFGFSFFPKDLCPVPRSWIATTGNLVFFRDHAEGGHFAALERPRELKTDLTAFVEQVWQK,6
L330Y,MSAPFAKFPSSASISPNPFTVSIPDEQLDDLKTLVRLSKIAPPTYESLQADGRFGITSEWLTTMREKWLSEFDWRPFEARLNSFPQFTTEIEGLTIHFAALFSEREDAVPIALLHGWPGSFVEFYPILQLFREEYTPETLPFHLVVPSLPGYTFSSGPPLDKDFGLMDNARVVDQLMKDLGFGSGYIIQGGDIGSFVGRLLGVGFDACKAVHLNLCAMRAPPEGPSIESLSAAEKEGIARMEKFMTDGLAYAMEHSTRPSTIGHVLSSSPIALLAWIGEKYLQWVDKPLPSETILEMVSLYWLTESFPRAIHTYRETTPTASAPNGATMYQKELYIHKPFGFSFFPKDLCPVPRSWIATTGNLVFFRDHAEGGHFAALERPRELKTDLTAFVEQVWQK,4
C350V,MSAPFAKFPSSASISPNPFTVSIPDEQLDDLKTLVRLSKIAPPTYESLQADGRFGITSEWLTTMREKWLSEFDWRPFEARLNSFPQFTTEIEGLTIHFAALFSEREDAVPIALLHGWPGSFVEFYPILQLFREEYTPETLPFHLVVPSLPGYTFSSGPPLDKDFGLMDNARVVDQLMKDLGFGSGYIIQGGDIGSFVGRLLGVGFDACKAVHLNLCAMRAPPEGPSIESLSAAEKEGIARMEKFMTDGLAYAMEHSTRPSTIGHVLSSSPIALLAWIGEKYLQWVDKPLPSETILEMVSLYWLTESFPRAIHTYRETTPTASAPNGATMLQKELYIHKPFGFSFFPKDLVPVPRSWIATTGNLVFFRDHAEGGHFAALERPRELKTDLTAFVEQVWQK,5
L249F,MSAPFAKFPSSASISPNPFTVSIPDEQLDDLKTLVRLSKIAPPTYESLQADGRFGITSEWLTTMREKWLSEFDWRPFEARLNSFPQFTTEIEGLTIHFAALFSEREDAVPIALLHGWPGSFVEFYPILQLFREEYTPETLPFHLVVPSLPGYTFSSGPPLDKDFGLMDNARVVDQLMKDLGFGSGYIIQGGDIGSFVGRLLGVGFDACKAVHLNLCAMRAPPEGPSIESLSAAEKEGIARMEKFMTDGFAYAMEHSTRPSTIGHVLSSSPIALLAWIGEKYLQWVDKPLPSETILEMVSLYWLTESFPRAIHTYRETTPTASAPNGATMLQKELYIHKPFGFSFFPKDLCPVPRSWIATTGNLVFFRDHAEGGHFAALERPRELKTDLTAFVEQVWQK,12
L249S,MSAPFAKFPSSASISPNPFTVSIPDEQLDDLKTLVRLSKIAPPTYESLQADGRFGITSEWLTTMREKWLSEFDWRPFEARLNSFPQFTTEIEGLTIHFAALFSEREDAVPIALLHGWPGSFVEFYPILQLFREEYTPETLPFHLVVPSLPGYTFSSGPPLDKDFGLMDNARVVDQLMKDLGFGSGYIIQGGDIGSFVGRLLGVGFDACKAVHLNLCAMRAPPEGPSIESLSAAEKEGIARMEKFMTDGSAYAMEHSTRPSTIGHVLSSSPIALLAWIGEKYLQWVDKPLPSETILEMVSLYWLTESFPRAIHTYRETTPTASAPNGATMLQKELYIHKPFGFSFFPKDLCPVPRSWIATTGNLVFFRDHAEGGHFAALERPRELKTDLTAFVEQVWQK,7
L249I,MSAPFAKFPSSASISPNPFTVSIPDEQLDDLKTLVRLSKIAPPTYESLQADGRFGITSEWLTTMREKWLSEFDWRPFEARLNSFPQFTTEIEGLTIHFAALFSEREDAVPIALLHGWPGSFVEFYPILQLFREEYTPETLPFHLVVPSLPGYTFSSGPPLDKDFGLMDNARVVDQLMKDLGFGSGYIIQGGDIGSFVGRLLGVGFDACKAVHLNLCAMRAPPEGPSIESLSAAEKEGIARMEKFMTDGIAYAMEHSTRPSTIGHVLSSSPIALLAWIGEKYLQWVDKPLPSETILEMVSLYWLTESFPRAIHTYRETTPTASAPNGATMLQKELYIHKPFGFSFFPKDLCPVPRSWIATTGNLVFFRDHAEGGHFAALERPRELKTDLTAFVEQVWQK,9
L215F/R219D,MSAPFAKFPSSASISPNPFTVSIPDEQLDDLKTLVRLSKIAPPTYESLQADGRFGITSEWLTTMREKWLSEFDWRPFEARLNSFPQFTTEIEGLTIHFAALFSEREDAVPIALLHGWPGSFVEFYPILQLFREEYTPETLPFHLVVPSLPGYTFSSGPPLDKDFGLMDNARVVDQLMKDLGFGSGYIIQGGDIGSFVGRLLGVGFDACKAVHLNFCAMDAPPEGPSIESLSAAEKEGIARMEKFMTDGLAYAMEHSTRPSTIGHVLSSSPIALLAWIGEKYLQWVDKPLPSETILEMVSLYWLTESFPRAIHTYRETTPTASAPNGATMLQKELYIHKPFGFSFFPKDLCPVPRSWIATTGNLVFFRDHAEGGHFAALERPRELKTDLTAFVEQVWQK,23
L349V/C350H,MSAPFAKFPSSASISPNPFTVSIPDEQLDDLKTLVRLSKIAPPTYESLQADGRFGITSEWLTTMREKWLSEFDWRPFEARLNSFPQFTTEIEGLTIHFAALFSEREDAVPIALLHGWPGSFVEFYPILQLFREEYTPETLPFHLVVPSLPGYTFSSGPPLDKDFGLMDNARVVDQLMKDLGFGSGYIIQGGDIGSFVGRLLGVGFDACKAVHLNLCAMRAPPEGPSIESLSAAEKEGIARMEKFMTDGLAYAMEHSTRPSTIGHVLSSSPIALLAWIGEKYLQWVDKPLPSETILEMVSLYWLTESFPRAIHTYRETTPTASAPNGATMLQKELYIHKPFGFSFFPKDVHPVPRSWIATTGNLVFFRDHAEGGHFAALERPRELKTDLTAFVEQVWQK,10
L349V/C350Y,MSAPFAKFPSSASISPNPFTVSIPDEQLDDLKTLVRLSKIAPPTYESLQADGRFGITSEWLTTMREKWLSEFDWRPFEARLNSFPQFTTEIEGLTIHFAALFSEREDAVPIALLHGWPGSFVEFYPILQLFREEYTPETLPFHLVVPSLPGYTFSSGPPLDKDFGLMDNARVVDQLMKDLGFGSGYIIQGGDIGSFVGRLLGVGFDACKAVHLNLCAMRAPPEGPSIESLSAAEKEGIARMEKFMTDGLAYAMEHSTRPSTIGHVLSSSPIALLAWIGEKYLQWVDKPLPSETILEMVSLYWLTESFPRAIHTYRETTPTASAPNGATMLQKELYIHKPFGFSFFPKDVYPVPRSWIATTGNLVFFRDHAEGGHFAALERPRELKTDLTAFVEQVWQK,9
T317F/T318S,MSAPFAKFPSSASISPNPFTVSIPDEQLDDLKTLVRLSKIAPPTYESLQADGRFGITSEWLTTMREKWLSEFDWRPFEARLNSFPQFTTEIEGLTIHFAALFSEREDAVPIALLHGWPGSFVEFYPILQLFREEYTPETLPFHLVVPSLPGYTFSSGPPLDKDFGLMDNARVVDQLMKDLGFGSGYIIQGGDIGSFVGRLLGVGFDACKAVHLNLCAMRAPPEGPSIESLSAAEKEGIARMEKFMTDGLAYAMEHSTRPSTIGHVLSSSPIALLAWIGEKYLQWVDKPLPSETILEMVSLYWLTESFPRAIHTYREFSPTASAPNGATMLQKELYIHKPFGFSFFPKDLCPVPRSWIATTGNLVFFRDHAEGGHFAALERPRELKTDLTAFVEQVWQK,21
T317F/T318G,MSAPFAKFPSSASISPNPFTVSIPDEQLDDLKTLVRLSKIAPPTYESLQADGRFGITSEWLTTMREKWLSEFDWRPFEARLNSFPQFTTEIEGLTIHFAALFSEREDAVPIALLHGWPGSFVEFYPILQLFREEYTPETLPFHLVVPSLPGYTFSSGPPLDKDFGLMDNARVVDQLMKDLGFGSGYIIQGGDIGSFVGRLLGVGFDACKAVHLNLCAMRAPPEGPSIESLSAAEKEGIARMEKFMTDGLAYAMEHSTRPSTIGHVLSSSPIALLAWIGEKYLQWVDKPLPSETILEMVSLYWLTESFPRAIHTYREFGPTASAPNGATMLQKELYIHKPFGFSFFPKDLCPVPRSWIATTGNLVFFRDHAEGGHFAALERPRELKTDLTAFVEQVWQK,17
L215F/R219D/L249Y,MSAPFAKFPSSASISPNPFTVSIPDEQLDDLKTLVRLSKIAPPTYESLQADGRFGITSEWLTTMREKWLSEFDWRPFEARLNSFPQFTTEIEGLTIHFAALFSEREDAVPIALLHGWPGSFVEFYPILQLFREEYTPETLPFHLVVPSLPGYTFSSGPPLDKDFGLMDNARVVDQLMKDLGFGSGYIIQGGDIGSFVGRLLGVGFDACKAVHLNFCAMDAPPEGPSIESLSAAEKEGIARMEKFMTDGYAYAMEHSTRPSTIGHVLSSSPIALLAWIGEKYLQWVDKPLPSETILEMVSLYWLTESFPRAIHTYRETTPTASAPNGATMLQKELYIHKPFGFSFFPKDLCPVPRSWIATTGNLVFFRDHAEGGHFAALERPRELKTDLTAFVEQVWQK,52
L249V/T317F/T318S,MSAPFAKFPSSASISPNPFTVSIPDEQLDDLKTLVRLSKIAPPTYESLQADGRFGITSEWLTTMREKWLSEFDWRPFEARLNSFPQFTTEIEGLTIHFAALFSEREDAVPIALLHGWPGSFVEFYPILQLFREEYTPETLPFHLVVPSLPGYTFSSGPPLDKDFGLMDNARVVDQLMKDLGFGSGYIIQGGDIGSFVGRLLGVGFDACKAVHLNLCAMRAPPEGPSIESLSAAEKEGIARMEKFMTDGVAYAMEHSTRPSTIGHVLSSSPIALLAWIGEKYLQWVDKPLPSETILEMVSLYWLTESFPRAIHTYREFSPTASAPNGATMLQKELYIHKPFGFSFFPKDLCPVPRSWIATTGNLVFFRDHAEGGHFAALERPRELKTDLTAFVEQVWQK,20
L215F/R219V/L249F,MSAPFAKFPSSASISPNPFTVSIPDEQLDDLKTLVRLSKIAPPTYESLQADGRFGITSEWLTTMREKWLSEFDWRPFEARLNSFPQFTTEIEGLTIHFAALFSEREDAVPIALLHGWPGSFVEFYPILQLFREEYTPETLPFHLVVPSLPGYTFSSGPPLDKDFGLMDNARVVDQLMKDLGFGSGYIIQGGDIGSFVGRLLGVGFDACKAVHLNFCAMVAPPEGPSIESLSAAEKEGIARMEKFMTDGFAYAMEHSTRPSTIGHVLSSSPIALLAWIGEKYLQWVDKPLPSETILEMVSLYWLTESFPRAIHTYRETTPTASAPNGATMLQKELYIHKPFGFSFFPKDLCPVPRSWIATTGNLVFFRDHAEGGHFAALERPRELKTDLTAFVEQVWQK,25
L249F/L349V/C350H,MSAPFAKFPSSASISPNPFTVSIPDEQLDDLKTLVRLSKIAPPTYESLQADGRFGITSEWLTTMREKWLSEFDWRPFEARLNSFPQFTTEIEGLTIHFAALFSEREDAVPIALLHGWPGSFVEFYPILQLFREEYTPETLPFHLVVPSLPGYTFSSGPPLDKDFGLMDNARVVDQLMKDLGFGSGYIIQGGDIGSFVGRLLGVGFDACKAVHLNLCAMRAPPEGPSIESLSAAEKEGIARMEKFMTDGFAYAMEHSTRPSTIGHVLSSSPIALLAWIGEKYLQWVDKPLPSETILEMVSLYWLTESFPRAIHTYRETTPTASAPNGATMLQKELYIHKPFGFSFFPKDVHPVPRSWIATTGNLVFFRDHAEGGHFAALERPRELKTDLTAFVEQVWQK,19
L249F/T317C/T318F,MSAPFAKFPSSASISPNPFTVSIPDEQLDDLKTLVRLSKIAPPTYESLQADGRFGITSEWLTTMREKWLSEFDWRPFEARLNSFPQFTTEIEGLTIHFAALFSEREDAVPIALLHGWPGSFVEFYPILQLFREEYTPETLPFHLVVPSLPGYTFSSGPPLDKDFGLMDNARVVDQLMKDLGFGSGYIIQGGDIGSFVGRLLGVGFDACKAVHLNLCAMRAPPEGPSIESLSAAEKEGIARMEKFMTDGFAYAMEHSTRPSTIGHVLSSSPIALLAWIGEKYLQWVDKPLPSETILEMVSLYWLTESFPRAIHTYRECFPTASAPNGATMLQKELYIHKPFGFSFFPKDLCPVPRSWIATTGNLVFFRDHAEGGHFAALERPRELKTDLTAFVEQVWQK,17
L249F/T317L/T318Y,MSAPFAKFPSSASISPNPFTVSIPDEQLDDLKTLVRLSKIAPPTYESLQADGRFGITSEWLTTMREKWLSEFDWRPFEARLNSFPQFTTEIEGLTIHFAALFSEREDAVPIALLHGWPGSFVEFYPILQLFREEYTPETLPFHLVVPSLPGYTFSSGPPLDKDFGLMDNARVVDQLMKDLGFGSGYIIQGGDIGSFVGRLLGVGFDACKAVHLNLCAMRAPPEGPSIESLSAAEKEGIARMEKFMTDGFAYAMEHSTRPSTIGHVLSSSPIALLAWIGEKYLQWVDKPLPSETILEMVSLYWLTESFPRAIHTYRELYPTASAPNGATMLQKELYIHKPFGFSFFPKDLCPVPRSWIATTGNLVFFRDHAEGGHFAALERPRELKTDLTAFVEQVWQK,18
L215F/L249V/T317F/T318S,MSAPFAKFPSSASISPNPFTVSIPDEQLDDLKTLVRLSKIAPPTYESLQADGRFGITSEWLTTMREKWLSEFDWRPFEARLNSFPQFTTEIEGLTIHFAALFSEREDAVPIALLHGWPGSFVEFYPILQLFREEYTPETLPFHLVVPSLPGYTFSSGPPLDKDFGLMDNARVVDQLMKDLGFGSGYIIQGGDIGSFVGRLLGVGFDACKAVHLNFCAMRAPPEGPSIESLSAAEKEGIARMEKFMTDGVAYAMEHSTRPSTIGHVLSSSPIALLAWIGEKYLQWVDKPLPSETILEMVSLYWLTESFPRAIHTYREFSPTASAPNGATMLQKELYIHKPFGFSFFPKDLCPVPRSWIATTGNLVFFRDHAEGGHFAALERPRELKTDLTAFVEQVWQK,40
L215F/R219D/F244Y/L249Y,MSAPFAKFPSSASISPNPFTVSIPDEQLDDLKTLVRLSKIAPPTYESLQADGRFGITSEWLTTMREKWLSEFDWRPFEARLNSFPQFTTEIEGLTIHFAALFSEREDAVPIALLHGWPGSFVEFYPILQLFREEYTPETLPFHLVVPSLPGYTFSSGPPLDKDFGLMDNARVVDQLMKDLGFGSGYIIQGGDIGSFVGRLLGVGFDACKAVHLNFCAMDAPPEGPSIESLSAAEKEGIARMEKYMTDGYAYAMEHSTRPSTIGHVLSSSPIALLAWIGEKYLQWVDKPLPSETILEMVSLYWLTESFPRAIHTYRETTPTASAPNGATMLQKELYIHKPFGFSFFPKDLCPVPRSWIATTGNLVFFRDHAEGGHFAALERPRELKTDLTAFVEQVWQK,43
T317C/T318F/L349V/C350H,MSAPFAKFPSSASISPNPFTVSIPDEQLDDLKTLVRLSKIAPPTYESLQADGRFGITSEWLTTMREKWLSEFDWRPFEARLNSFPQFTTEIEGLTIHFAALFSEREDAVPIALLHGWPGSFVEFYPILQLFREEYTPETLPFHLVVPSLPGYTFSSGPPLDKDFGLMDNARVVDQLMKDLGFGSGYIIQGGDIGSFVGRLLGVGFDACKAVHLNLCAMRAPPEGPSIESLSAAEKEGIARMEKFMTDGLAYAMEHSTRPSTIGHVLSSSPIALLAWIGEKYLQWVDKPLPSETILEMVSLYWLTESFPRAIHTYRECFPTASAPNGATMLQKELYIHKPFGFSFFPKDVHPVPRSWIATTGNLVFFRDHAEGGHFAALERPRELKTDLTAFVEQVWQK,26
T317F/T318C/L349V/C350H,MSAPFAKFPSSASISPNPFTVSIPDEQLDDLKTLVRLSKIAPPTYESLQADGRFGITSEWLTTMREKWLSEFDWRPFEARLNSFPQFTTEIEGLTIHFAALFSEREDAVPIALLHGWPGSFVEFYPILQLFREEYTPETLPFHLVVPSLPGYTFSSGPPLDKDFGLMDNARVVDQLMKDLGFGSGYIIQGGDIGSFVGRLLGVGFDACKAVHLNLCAMRAPPEGPSIESLSAAEKEGIARMEKFMTDGLAYAMEHSTRPSTIGHVLSSSPIALLAWIGEKYLQWVDKPLPSETILEMVSLYWLTESFPRAIHTYREFCPTASAPNGATMLQKELYIHKPFGFSFFPKDVHPVPRSWIATTGNLVFFRDHAEGGHFAALERPRELKTDLTAFVEQVWQK,23
T317F/T318Y/L349V/C350H,MSAPFAKFPSSASISPNPFTVSIPDEQLDDLKTLVRLSKIAPPTYESLQADGRFGITSEWLTTMREKWLSEFDWRPFEARLNSFPQFTTEIEGLTIHFAALFSEREDAVPIALLHGWPGSFVEFYPILQLFREEYTPETLPFHLVVPSLPGYTFSSGPPLDKDFGLMDNARVVDQLMKDLGFGSGYIIQGGDIGSFVGRLLGVGFDACKAVHLNLCAMRAPPEGPSIESLSAAEKEGIARMEKFMTDGLAYAMEHSTRPSTIGHVLSSSPIALLAWIGEKYLQWVDKPLPSETILEMVSLYWLTESFPRAIHTYREFYPTASAPNGATMLQKELYIHKPFGFSFFPKDVHPVPRSWIATTGNLVFFRDHAEGGHFAALERPRELKTDLTAFVEQVWQK,25
L215F/R219C/T317F/T318S,MSAPFAKFPSSASISPNPFTVSIPDEQLDDLKTLVRLSKIAPPTYESLQADGRFGITSEWLTTMREKWLSEFDWRPFEARLNSFPQFTTEIEGLTIHFAALFSEREDAVPIALLHGWPGSFVEFYPILQLFREEYTPETLPFHLVVPSLPGYTFSSGPPLDKDFGLMDNARVVDQLMKDLGFGSGYIIQGGDIGSFVGRLLGVGFDACKAVHLNFCAMCAPPEGPSIESLSAAEKEGIARMEKFMTDGLAYAMEHSTRPSTIGHVLSSSPIALLAWIGEKYLQWVDKPLPSETILEMVSLYWLTESFPRAIHTYREFSPTASAPNGATMLQKELYIHKPFGFSFFPKDLCPVPRSWIATTGNLVFFRDHAEGGHFAALERPRELKTDLTAFVEQVWQK,36
T317F/T318S/L349C/C350S,MSAPFAKFPSSASISPNPFTVSIPDEQLDDLKTLVRLSKIAPPTYESLQADGRFGITSEWLTTMREKWLSEFDWRPFEARLNSFPQFTTEIEGLTIHFAALFSEREDAVPIALLHGWPGSFVEFYPILQLFREEYTPETLPFHLVVPSLPGYTFSSGPPLDKDFGLMDNARVVDQLMKDLGFGSGYIIQGGDIGSFVGRLLGVGFDACKAVHLNLCAMRAPPEGPSIESLSAAEKEGIARMEKFMTDGLAYAMEHSTRPSTIGHVLSSSPIALLAWIGEKYLQWVDKPLPSETILEMVSLYWLTESFPRAIHTYREFSPTASAPNGATMLQKELYIHKPFGFSFFPKDCSPVPRSWIATTGNLVFFRDHAEGGHFAALERPRELKTDLTAFVEQVWQK,25
L215F/R219D/L249Y/C350V,MSAPFAKFPSSASISPNPFTVSIPDEQLDDLKTLVRLSKIAPPTYESLQADGRFGITSEWLTTMREKWLSEFDWRPFEARLNSFPQFTTEIEGLTIHFAALFSEREDAVPIALLHGWPGSFVEFYPILQLFREEYTPETLPFHLVVPSLPGYTFSSGPPLDKDFGLMDNARVVDQLMKDLGFGSGYIIQGGDIGSFVGRLLGVGFDACKAVHLNFCAMDAPPEGPSIESLSAAEKEGIARMEKFMTDGYAYAMEHSTRPSTIGHVLSSSPIALLAWIGEKYLQWVDKPLPSETILEMVSLYWLTESFPRAIHTYRETTPTASAPNGATMLQKELYIHKPFGFSFFPKDLVPVPRSWIATTGNLVFFRDHAEGGHFAALERPRELKTDLTAFVEQVWQK,45
L249V/T317F/T318S/L349V,MSAPFAKFPSSASISPNPFTVSIPDEQLDDLKTLVRLSKIAPPTYESLQADGRFGITSEWLTTMREKWLSEFDWRPFEARLNSFPQFTTEIEGLTIHFAALFSEREDAVPIALLHGWPGSFVEFYPILQLFREEYTPETLPFHLVVPSLPGYTFSSGPPLDKDFGLMDNARVVDQLMKDLGFGSGYIIQGGDIGSFVGRLLGVGFDACKAVHLNLCAMRAPPEGPSIESLSAAEKEGIARMEKFMTDGVAYAMEHSTRPSTIGHVLSSSPIALLAWIGEKYLQWVDKPLPSETILEMVSLYWLTESFPRAIHTYREFSPTASAPNGATMLQKELYIHKPFGFSFFPKDVCPVPRSWIATTGNLVFFRDHAEGGHFAALERPRELKTDLTAFVEQVWQK,23
L215F/R219V/L249F/C350V,MSAPFAKFPSSASISPNPFTVSIPDEQLDDLKTLVRLSKIAPPTYESLQADGRFGITSEWLTTMREKWLSEFDWRPFEARLNSFPQFTTEIEGLTIHFAALFSEREDAVPIALLHGWPGSFVEFYPILQLFREEYTPETLPFHLVVPSLPGYTFSSGPPLDKDFGLMDNARVVDQLMKDLGFGSGYIIQGGDIGSFVGRLLGVGFDACKAVHLNFCAMVAPPEGPSIESLSAAEKEGIARMEKFMTDGFAYAMEHSTRPSTIGHVLSSSPIALLAWIGEKYLQWVDKPLPSETILEMVSLYWLTESFPRAIHTYRETTPTASAPNGATMLQKELYIHKPFGFSFFPKDLVPVPRSWIATTGNLVFFRDHAEGGHFAALERPRELKTDLTAFVEQVWQK,34
L215F/R219D/T317C/T318F/C350I,MSAPFAKFPSSASISPNPFTVSIPDEQLDDLKTLVRLSKIAPPTYESLQADGRFGITSEWLTTMREKWLSEFDWRPFEARLNSFPQFTTEIEGLTIHFAALFSEREDAVPIALLHGWPGSFVEFYPILQLFREEYTPETLPFHLVVPSLPGYTFSSGPPLDKDFGLMDNARVVDQLMKDLGFGSGYIIQGGDIGSFVGRLLGVGFDACKAVHLNFCAMDAPPEGPSIESLSAAEKEGIARMEKFMTDGLAYAMEHSTRPSTIGHVLSSSPIALLAWIGEKYLQWVDKPLPSETILEMVSLYWLTESFPRAIHTYRECFPTASAPNGATMLQKELYIHKPFGFSFFPKDLIPVPRSWIATTGNLVFFRDHAEGGHFAALERPRELKTDLTAFVEQVWQK,73
L215F/R219D/T317C/T318F/C350V,MSAPFAKFPSSASISPNPFTVSIPDEQLDDLKTLVRLSKIAPPTYESLQADGRFGITSEWLTTMREKWLSEFDWRPFEARLNSFPQFTTEIEGLTIHFAALFSEREDAVPIALLHGWPGSFVEFYPILQLFREEYTPETLPFHLVVPSLPGYTFSSGPPLDKDFGLMDNARVVDQLMKDLGFGSGYIIQGGDIGSFVGRLLGVGFDACKAVHLNFCAMDAPPEGPSIESLSAAEKEGIARMEKFMTDGLAYAMEHSTRPSTIGHVLSSSPIALLAWIGEKYLQWVDKPLPSETILEMVSLYWLTESFPRAIHTYRECFPTASAPNGATMLQKELYIHKPFGFSFFPKDLVPVPRSWIATTGNLVFFRDHAEGGHFAALERPRELKTDLTAFVEQVWQK,33
L215F/R219D/L249Y/T317F/T318S,MSAPFAKFPSSASISPNPFTVSIPDEQLDDLKTLVRLSKIAPPTYESLQADGRFGITSEWLTTMREKWLSEFDWRPFEARLNSFPQFTTEIEGLTIHFAALFSEREDAVPIALLHGWPGSFVEFYPILQLFREEYTPETLPFHLVVPSLPGYTFSSGPPLDKDFGLMDNARVVDQLMKDLGFGSGYIIQGGDIGSFVGRLLGVGFDACKAVHLNFCAMDAPPEGPSIESLSAAEKEGIARMEKFMTDGYAYAMEHSTRPSTIGHVLSSSPIALLAWIGEKYLQWVDKPLPSETILEMVSLYWLTESFPRAIHTYREFSPTASAPNGATMLQKELYIHKPFGFSFFPKDLCPVPRSWIATTGNLVFFRDHAEGGHFAALERPRELKTDLTAFVEQVWQK,52
L215F/R219D/L249Y/L349V/C350H,MSAPFAKFPSSASISPNPFTVSIPDEQLDDLKTLVRLSKIAPPTYESLQADGRFGITSEWLTTMREKWLSEFDWRPFEARLNSFPQFTTEIEGLTIHFAALFSEREDAVPIALLHGWPGSFVEFYPILQLFREEYTPETLPFHLVVPSLPGYTFSSGPPLDKDFGLMDNARVVDQLMKDLGFGSGYIIQGGDIGSFVGRLLGVGFDACKAVHLNFCAMDAPPEGPSIESLSAAEKEGIARMEKFMTDGYAYAMEHSTRPSTIGHVLSSSPIALLAWIGEKYLQWVDKPLPSETILEMVSLYWLTESFPRAIHTYRETTPTASAPNGATMLQKELYIHKPFGFSFFPKDVHPVPRSWIATTGNLVFFRDHAEGGHFAALERPRELKTDLTAFVEQVWQK,54
L215F/R219D/L249F/L349V/C350H,MSAPFAKFPSSASISPNPFTVSIPDEQLDDLKTLVRLSKIAPPTYESLQADGRFGITSEWLTTMREKWLSEFDWRPFEARLNSFPQFTTEIEGLTIHFAALFSEREDAVPIALLHGWPGSFVEFYPILQLFREEYTPETLPFHLVVPSLPGYTFSSGPPLDKDFGLMDNARVVDQLMKDLGFGSGYIIQGGDIGSFVGRLLGVGFDACKAVHLNFCAMDAPPEGPSIESLSAAEKEGIARMEKFMTDGFAYAMEHSTRPSTIGHVLSSSPIALLAWIGEKYLQWVDKPLPSETILEMVSLYWLTESFPRAIHTYRETTPTASAPNGATMLQKELYIHKPFGFSFFPKDVHPVPRSWIATTGNLVFFRDHAEGGHFAALERPRELKTDLTAFVEQVWQK,38
L249Y/T317V/T318F/L349V/C350H,MSAPFAKFPSSASISPNPFTVSIPDEQLDDLKTLVRLSKIAPPTYESLQADGRFGITSEWLTTMREKWLSEFDWRPFEARLNSFPQFTTEIEGLTIHFAALFSEREDAVPIALLHGWPGSFVEFYPILQLFREEYTPETLPFHLVVPSLPGYTFSSGPPLDKDFGLMDNARVVDQLMKDLGFGSGYIIQGGDIGSFVGRLLGVGFDACKAVHLNLCAMRAPPEGPSIESLSAAEKEGIARMEKFMTDGYAYAMEHSTRPSTIGHVLSSSPIALLAWIGEKYLQWVDKPLPSETILEMVSLYWLTESFPRAIHTYREVFPTASAPNGATMLQKELYIHKPFGFSFFPKDVHPVPRSWIATTGNLVFFRDHAEGGHFAALERPRELKTDLTAFVEQVWQK,23
L249Y/T317F/T318F/L349V/C350H,MSAPFAKFPSSASISPNPFTVSIPDEQLDDLKTLVRLSKIAPPTYESLQADGRFGITSEWLTTMREKWLSEFDWRPFEARLNSFPQFTTEIEGLTIHFAALFSEREDAVPIALLHGWPGSFVEFYPILQLFREEYTPETLPFHLVVPSLPGYTFSSGPPLDKDFGLMDNARVVDQLMKDLGFGSGYIIQGGDIGSFVGRLLGVGFDACKAVHLNLCAMRAPPEGPSIESLSAAEKEGIARMEKFMTDGYAYAMEHSTRPSTIGHVLSSSPIALLAWIGEKYLQWVDKPLPSETILEMVSLYWLTESFPRAIHTYREFFPTASAPNGATMLQKELYIHKPFGFSFFPKDVHPVPRSWIATTGNLVFFRDHAEGGHFAALERPRELKTDLTAFVEQVWQK,20
L249Y/T317F/T318C/L349V/C350H,MSAPFAKFPSSASISPNPFTVSIPDEQLDDLKTLVRLSKIAPPTYESLQADGRFGITSEWLTTMREKWLSEFDWRPFEARLNSFPQFTTEIEGLTIHFAALFSEREDAVPIALLHGWPGSFVEFYPILQLFREEYTPETLPFHLVVPSLPGYTFSSGPPLDKDFGLMDNARVVDQLMKDLGFGSGYIIQGGDIGSFVGRLLGVGFDACKAVHLNLCAMRAPPEGPSIESLSAAEKEGIARMEKFMTDGYAYAMEHSTRPSTIGHVLSSSPIALLAWIGEKYLQWVDKPLPSETILEMVSLYWLTESFPRAIHTYREFCPTASAPNGATMLQKELYIHKPFGFSFFPKDVHPVPRSWIATTGNLVFFRDHAEGGHFAALERPRELKTDLTAFVEQVWQK,24
L215F/T317F/T318S/L349C/C350S,MSAPFAKFPSSASISPNPFTVSIPDEQLDDLKTLVRLSKIAPPTYESLQADGRFGITSEWLTTMREKWLSEFDWRPFEARLNSFPQFTTEIEGLTIHFAALFSEREDAVPIALLHGWPGSFVEFYPILQLFREEYTPETLPFHLVVPSLPGYTFSSGPPLDKDFGLMDNARVVDQLMKDLGFGSGYIIQGGDIGSFVGRLLGVGFDACKAVHLNFCAMRAPPEGPSIESLSAAEKEGIARMEKFMTDGLAYAMEHSTRPSTIGHVLSSSPIALLAWIGEKYLQWVDKPLPSETILEMVSLYWLTESFPRAIHTYREFSPTASAPNGATMLQKELYIHKPFGFSFFPKDCSPVPRSWIATTGNLVFFRDHAEGGHFAALERPRELKTDLTAFVEQVWQK,45
L249I/T317F/T318S/L349C/C350S,MSAPFAKFPSSASISPNPFTVSIPDEQLDDLKTLVRLSKIAPPTYESLQADGRFGITSEWLTTMREKWLSEFDWRPFEARLNSFPQFTTEIEGLTIHFAALFSEREDAVPIALLHGWPGSFVEFYPILQLFREEYTPETLPFHLVVPSLPGYTFSSGPPLDKDFGLMDNARVVDQLMKDLGFGSGYIIQGGDIGSFVGRLLGVGFDACKAVHLNLCAMRAPPEGPSIESLSAAEKEGIARMEKFMTDGIAYAMEHSTRPSTIGHVLSSSPIALLAWIGEKYLQWVDKPLPSETILEMVSLYWLTESFPRAIHTYREFSPTASAPNGATMLQKELYIHKPFGFSFFPKDCSPVPRSWIATTGNLVFFRDHAEGGHFAALERPRELKTDLTAFVEQVWQK,23
L215F/R219V/L249V/T317F/T318S,MSAPFAKFPSSASISPNPFTVSIPDEQLDDLKTLVRLSKIAPPTYESLQADGRFGITSEWLTTMREKWLSEFDWRPFEARLNSFPQFTTEIEGLTIHFAALFSEREDAVPIALLHGWPGSFVEFYPILQLFREEYTPETLPFHLVVPSLPGYTFSSGPPLDKDFGLMDNARVVDQLMKDLGFGSGYIIQGGDIGSFVGRLLGVGFDACKAVHLNFCAMVAPPEGPSIESLSAAEKEGIARMEKFMTDGVAYAMEHSTRPSTIGHVLSSSPIALLAWIGEKYLQWVDKPLPSETILEMVSLYWLTESFPRAIHTYREFSPTASAPNGATMLQKELYIHKPFGFSFFPKDLCPVPRSWIATTGNLVFFRDHAEGGHFAALERPRELKTDLTAFVEQVWQK,22
L215F/R219V/L249F/T317F/T318C,MSAPFAKFPSSASISPNPFTVSIPDEQLDDLKTLVRLSKIAPPTYESLQADGRFGITSEWLTTMREKWLSEFDWRPFEARLNSFPQFTTEIEGLTIHFAALFSEREDAVPIALLHGWPGSFVEFYPILQLFREEYTPETLPFHLVVPSLPGYTFSSGPPLDKDFGLMDNARVVDQLMKDLGFGSGYIIQGGDIGSFVGRLLGVGFDACKAVHLNFCAMVAPPEGPSIESLSAAEKEGIARMEKFMTDGFAYAMEHSTRPSTIGHVLSSSPIALLAWIGEKYLQWVDKPLPSETILEMVSLYWLTESFPRAIHTYREFCPTASAPNGATMLQKELYIHKPFGFSFFPKDLCPVPRSWIATTGNLVFFRDHAEGGHFAALERPRELKTDLTAFVEQVWQK,102
L215F/R219V/L249F/T317F/T318I,MSAPFAKFPSSASISPNPFTVSIPDEQLDDLKTLVRLSKIAPPTYESLQADGRFGITSEWLTTMREKWLSEFDWRPFEARLNSFPQFTTEIEGLTIHFAALFSEREDAVPIALLHGWPGSFVEFYPILQLFREEYTPETLPFHLVVPSLPGYTFSSGPPLDKDFGLMDNARVVDQLMKDLGFGSGYIIQGGDIGSFVGRLLGVGFDACKAVHLNFCAMVAPPEGPSIESLSAAEKEGIARMEKFMTDGFAYAMEHSTRPSTIGHVLSSSPIALLAWIGEKYLQWVDKPLPSETILEMVSLYWLTESFPRAIHTYREFIPTASAPNGATMLQKELYIHKPFGFSFFPKDLCPVPRSWIATTGNLVFFRDHAEGGHFAALERPRELKTDLTAFVEQVWQK,63
L215F/R219V/L249F/T317I/T318H,MSAPFAKFPSSASISPNPFTVSIPDEQLDDLKTLVRLSKIAPPTYESLQADGRFGITSEWLTTMREKWLSEFDWRPFEARLNSFPQFTTEIEGLTIHFAALFSEREDAVPIALLHGWPGSFVEFYPILQLFREEYTPETLPFHLVVPSLPGYTFSSGPPLDKDFGLMDNARVVDQLMKDLGFGSGYIIQGGDIGSFVGRLLGVGFDACKAVHLNFCAMVAPPEGPSIESLSAAEKEGIARMEKFMTDGFAYAMEHSTRPSTIGHVLSSSPIALLAWIGEKYLQWVDKPLPSETILEMVSLYWLTESFPRAIHTYREIHPTASAPNGATMLQKELYIHKPFGFSFFPKDLCPVPRSWIATTGNLVFFRDHAEGGHFAALERPRELKTDLTAFVEQVWQK,83
L215F/R219V/L249F/T317I/T318N,MSAPFAKFPSSASISPNPFTVSIPDEQLDDLKTLVRLSKIAPPTYESLQADGRFGITSEWLTTMREKWLSEFDWRPFEARLNSFPQFTTEIEGLTIHFAALFSEREDAVPIALLHGWPGSFVEFYPILQLFREEYTPETLPFHLVVPSLPGYTFSSGPPLDKDFGLMDNARVVDQLMKDLGFGSGYIIQGGDIGSFVGRLLGVGFDACKAVHLNFCAMVAPPEGPSIESLSAAEKEGIARMEKFMTDGFAYAMEHSTRPSTIGHVLSSSPIALLAWIGEKYLQWVDKPLPSETILEMVSLYWLTESFPRAIHTYREINPTASAPNGATMLQKELYIHKPFGFSFFPKDLCPVPRSWIATTGNLVFFRDHAEGGHFAALERPRELKTDLTAFVEQVWQK,72
L215F/R219V/L249F/T317I/T318S,MSAPFAKFPSSASISPNPFTVSIPDEQLDDLKTLVRLSKIAPPTYESLQADGRFGITSEWLTTMREKWLSEFDWRPFEARLNSFPQFTTEIEGLTIHFAALFSEREDAVPIALLHGWPGSFVEFYPILQLFREEYTPETLPFHLVVPSLPGYTFSSGPPLDKDFGLMDNARVVDQLMKDLGFGSGYIIQGGDIGSFVGRLLGVGFDACKAVHLNFCAMVAPPEGPSIESLSAAEKEGIARMEKFMTDGFAYAMEHSTRPSTIGHVLSSSPIALLAWIGEKYLQWVDKPLPSETILEMVSLYWLTESFPRAIHTYREISPTASAPNGATMLQKELYIHKPFGFSFFPKDLCPVPRSWIATTGNLVFFRDHAEGGHFAALERPRELKTDLTAFVEQVWQK,79
L215F/R219V/L249F/T317I/T318Y,MSAPFAKFPSSASISPNPFTVSIPDEQLDDLKTLVRLSKIAPPTYESLQADGRFGITSEWLTTMREKWLSEFDWRPFEARLNSFPQFTTEIEGLTIHFAALFSEREDAVPIALLHGWPGSFVEFYPILQLFREEYTPETLPFHLVVPSLPGYTFSSGPPLDKDFGLMDNARVVDQLMKDLGFGSGYIIQGGDIGSFVGRLLGVGFDACKAVHLNFCAMVAPPEGPSIESLSAAEKEGIARMEKFMTDGFAYAMEHSTRPSTIGHVLSSSPIALLAWIGEKYLQWVDKPLPSETILEMVSLYWLTESFPRAIHTYREIYPTASAPNGATMLQKELYIHKPFGFSFFPKDLCPVPRSWIATTGNLVFFRDHAEGGHFAALERPRELKTDLTAFVEQVWQK,81
L215F/R219V/L249F/T317I/T318D,MSAPFAKFPSSASISPNPFTVSIPDEQLDDLKTLVRLSKIAPPTYESLQADGRFGITSEWLTTMREKWLSEFDWRPFEARLNSFPQFTTEIEGLTIHFAALFSEREDAVPIALLHGWPGSFVEFYPILQLFREEYTPETLPFHLVVPSLPGYTFSSGPPLDKDFGLMDNARVVDQLMKDLGFGSGYIIQGGDIGSFVGRLLGVGFDACKAVHLNFCAMVAPPEGPSIESLSAAEKEGIARMEKFMTDGFAYAMEHSTRPSTIGHVLSSSPIALLAWIGEKYLQWVDKPLPSETILEMVSLYWLTESFPRAIHTYREIDPTASAPNGATMLQKELYIHKPFGFSFFPKDLCPVPRSWIATTGNLVFFRDHAEGGHFAALERPRELKTDLTAFVEQVWQK,69
L249F/T317V/T318F/L349V/C350H,MSAPFAKFPSSASISPNPFTVSIPDEQLDDLKTLVRLSKIAPPTYESLQADGRFGITSEWLTTMREKWLSEFDWRPFEARLNSFPQFTTEIEGLTIHFAALFSEREDAVPIALLHGWPGSFVEFYPILQLFREEYTPETLPFHLVVPSLPGYTFSSGPPLDKDFGLMDNARVVDQLMKDLGFGSGYIIQGGDIGSFVGRLLGVGFDACKAVHLNLCAMRAPPEGPSIESLSAAEKEGIARMEKFMTDGFAYAMEHSTRPSTIGHVLSSSPIALLAWIGEKYLQWVDKPLPSETILEMVSLYWLTESFPRAIHTYREVFPTASAPNGATMLQKELYIHKPFGFSFFPKDVHPVPRSWIATTGNLVFFRDHAEGGHFAALERPRELKTDLTAFVEQVWQK,21
L249F/T317I/T318D/L349V/C350H,MSAPFAKFPSSASISPNPFTVSIPDEQLDDLKTLVRLSKIAPPTYESLQADGRFGITSEWLTTMREKWLSEFDWRPFEARLNSFPQFTTEIEGLTIHFAALFSEREDAVPIALLHGWPGSFVEFYPILQLFREEYTPETLPFHLVVPSLPGYTFSSGPPLDKDFGLMDNARVVDQLMKDLGFGSGYIIQGGDIGSFVGRLLGVGFDACKAVHLNLCAMRAPPEGPSIESLSAAEKEGIARMEKFMTDGFAYAMEHSTRPSTIGHVLSSSPIALLAWIGEKYLQWVDKPLPSETILEMVSLYWLTESFPRAIHTYREIDPTASAPNGATMLQKELYIHKPFGFSFFPKDVHPVPRSWIATTGNLVFFRDHAEGGHFAALERPRELKTDLTAFVEQVWQK,25
L215F/R219D/L249F/T317C/T318F,MSAPFAKFPSSASISPNPFTVSIPDEQLDDLKTLVRLSKIAPPTYESLQADGRFGITSEWLTTMREKWLSEFDWRPFEARLNSFPQFTTEIEGLTIHFAALFSEREDAVPIALLHGWPGSFVEFYPILQLFREEYTPETLPFHLVVPSLPGYTFSSGPPLDKDFGLMDNARVVDQLMKDLGFGSGYIIQGGDIGSFVGRLLGVGFDACKAVHLNFCAMDAPPEGPSIESLSAAEKEGIARMEKFMTDGFAYAMEHSTRPSTIGHVLSSSPIALLAWIGEKYLQWVDKPLPSETILEMVSLYWLTESFPRAIHTYRECFPTASAPNGATMLQKELYIHKPFGFSFFPKDLCPVPRSWIATTGNLVFFRDHAEGGHFAALERPRELKTDLTAFVEQVWQK,67
L215F/R219H/L249F/T317C/T318F,MSAPFAKFPSSASISPNPFTVSIPDEQLDDLKTLVRLSKIAPPTYESLQADGRFGITSEWLTTMREKWLSEFDWRPFEARLNSFPQFTTEIEGLTIHFAALFSEREDAVPIALLHGWPGSFVEFYPILQLFREEYTPETLPFHLVVPSLPGYTFSSGPPLDKDFGLMDNARVVDQLMKDLGFGSGYIIQGGDIGSFVGRLLGVGFDACKAVHLNFCAMHAPPEGPSIESLSAAEKEGIARMEKFMTDGFAYAMEHSTRPSTIGHVLSSSPIALLAWIGEKYLQWVDKPLPSETILEMVSLYWLTESFPRAIHTYRECFPTASAPNGATMLQKELYIHKPFGFSFFPKDLCPVPRSWIATTGNLVFFRDHAEGGHFAALERPRELKTDLTAFVEQVWQK,51
L215F/R219V/L249F/T317C/T318F,MSAPFAKFPSSASISPNPFTVSIPDEQLDDLKTLVRLSKIAPPTYESLQADGRFGITSEWLTTMREKWLSEFDWRPFEARLNSFPQFTTEIEGLTIHFAALFSEREDAVPIALLHGWPGSFVEFYPILQLFREEYTPETLPFHLVVPSLPGYTFSSGPPLDKDFGLMDNARVVDQLMKDLGFGSGYIIQGGDIGSFVGRLLGVGFDACKAVHLNFCAMVAPPEGPSIESLSAAEKEGIARMEKFMTDGFAYAMEHSTRPSTIGHVLSSSPIALLAWIGEKYLQWVDKPLPSETILEMVSLYWLTESFPRAIHTYRECFPTASAPNGATMLQKELYIHKPFGFSFFPKDLCPVPRSWIATTGNLVFFRDHAEGGHFAALERPRELKTDLTAFVEQVWQK,55
L249F/T317C/T318F/L349V/C350H,MSAPFAKFPSSASISPNPFTVSIPDEQLDDLKTLVRLSKIAPPTYESLQADGRFGITSEWLTTMREKWLSEFDWRPFEARLNSFPQFTTEIEGLTIHFAALFSEREDAVPIALLHGWPGSFVEFYPILQLFREEYTPETLPFHLVVPSLPGYTFSSGPPLDKDFGLMDNARVVDQLMKDLGFGSGYIIQGGDIGSFVGRLLGVGFDACKAVHLNLCAMRAPPEGPSIESLSAAEKEGIARMEKFMTDGFAYAMEHSTRPSTIGHVLSSSPIALLAWIGEKYLQWVDKPLPSETILEMVSLYWLTESFPRAIHTYRECFPTASAPNGATMLQKELYIHKPFGFSFFPKDVHPVPRSWIATTGNLVFFRDHAEGGHFAALERPRELKTDLTAFVEQVWQK,25
R219V/T317F/T318S/L349C/C350S,MSAPFAKFPSSASISPNPFTVSIPDEQLDDLKTLVRLSKIAPPTYESLQADGRFGITSEWLTTMREKWLSEFDWRPFEARLNSFPQFTTEIEGLTIHFAALFSEREDAVPIALLHGWPGSFVEFYPILQLFREEYTPETLPFHLVVPSLPGYTFSSGPPLDKDFGLMDNARVVDQLMKDLGFGSGYIIQGGDIGSFVGRLLGVGFDACKAVHLNLCAMVAPPEGPSIESLSAAEKEGIARMEKFMTDGLAYAMEHSTRPSTIGHVLSSSPIALLAWIGEKYLQWVDKPLPSETILEMVSLYWLTESFPRAIHTYREFSPTASAPNGATMLQKELYIHKPFGFSFFPKDCSPVPRSWIATTGNLVFFRDHAEGGHFAALERPRELKTDLTAFVEQVWQK,24
L215F/L249V/T317F/T318S/C350N,MSAPFAKFPSSASISPNPFTVSIPDEQLDDLKTLVRLSKIAPPTYESLQADGRFGITSEWLTTMREKWLSEFDWRPFEARLNSFPQFTTEIEGLTIHFAALFSEREDAVPIALLHGWPGSFVEFYPILQLFREEYTPETLPFHLVVPSLPGYTFSSGPPLDKDFGLMDNARVVDQLMKDLGFGSGYIIQGGDIGSFVGRLLGVGFDACKAVHLNFCAMRAPPEGPSIESLSAAEKEGIARMEKFMTDGVAYAMEHSTRPSTIGHVLSSSPIALLAWIGEKYLQWVDKPLPSETILEMVSLYWLTESFPRAIHTYREFSPTASAPNGATMLQKELYIHKPFGFSFFPKDLNPVPRSWIATTGNLVFFRDHAEGGHFAALERPRELKTDLTAFVEQVWQK,32
L215F/L249V/T317F/T318S/C350V,MSAPFAKFPSSASISPNPFTVSIPDEQLDDLKTLVRLSKIAPPTYESLQADGRFGITSEWLTTMREKWLSEFDWRPFEARLNSFPQFTTEIEGLTIHFAALFSEREDAVPIALLHGWPGSFVEFYPILQLFREEYTPETLPFHLVVPSLPGYTFSSGPPLDKDFGLMDNARVVDQLMKDLGFGSGYIIQGGDIGSFVGRLLGVGFDACKAVHLNFCAMRAPPEGPSIESLSAAEKEGIARMEKFMTDGVAYAMEHSTRPSTIGHVLSSSPIALLAWIGEKYLQWVDKPLPSETILEMVSLYWLTESFPRAIHTYREFSPTASAPNGATMLQKELYIHKPFGFSFFPKDLVPVPRSWIATTGNLVFFRDHAEGGHFAALERPRELKTDLTAFVEQVWQK,25
L215F/L249V/T317F/T318S/C350C,MSAPFAKFPSSASISPNPFTVSIPDEQLDDLKTLVRLSKIAPPTYESLQADGRFGITSEWLTTMREKWLSEFDWRPFEARLNSFPQFTTEIEGLTIHFAALFSEREDAVPIALLHGWPGSFVEFYPILQLFREEYTPETLPFHLVVPSLPGYTFSSGPPLDKDFGLMDNARVVDQLMKDLGFGSGYIIQGGDIGSFVGRLLGVGFDACKAVHLNFCAMRAPPEGPSIESLSAAEKEGIARMEKFMTDGVAYAMEHSTRPSTIGHVLSSSPIALLAWIGEKYLQWVDKPLPSETILEMVSLYWLTESFPRAIHTYREFSPTASAPNGATMLQKELYIHKPFGFSFFPKDLCPVPRSWIATTGNLVFFRDHAEGGHFAALERPRELKTDLTAFVEQVWQK,30
L215F/R219D/T317I/T318F/L349V/C350H,MSAPFAKFPSSASISPNPFTVSIPDEQLDDLKTLVRLSKIAPPTYESLQADGRFGITSEWLTTMREKWLSEFDWRPFEARLNSFPQFTTEIEGLTIHFAALFSEREDAVPIALLHGWPGSFVEFYPILQLFREEYTPETLPFHLVVPSLPGYTFSSGPPLDKDFGLMDNARVVDQLMKDLGFGSGYIIQGGDIGSFVGRLLGVGFDACKAVHLNFCAMDAPPEGPSIESLSAAEKEGIARMEKFMTDGLAYAMEHSTRPSTIGHVLSSSPIALLAWIGEKYLQWVDKPLPSETILEMVSLYWLTESFPRAIHTYREIFPTASAPNGATMLQKELYIHKPFGFSFFPKDVHPVPRSWIATTGNLVFFRDHAEGGHFAALERPRELKTDLTAFVEQVWQK,75
L215F/R219D/T317C/T318F/L349V/C350H,MSAPFAKFPSSASISPNPFTVSIPDEQLDDLKTLVRLSKIAPPTYESLQADGRFGITSEWLTTMREKWLSEFDWRPFEARLNSFPQFTTEIEGLTIHFAALFSEREDAVPIALLHGWPGSFVEFYPILQLFREEYTPETLPFHLVVPSLPGYTFSSGPPLDKDFGLMDNARVVDQLMKDLGFGSGYIIQGGDIGSFVGRLLGVGFDACKAVHLNFCAMDAPPEGPSIESLSAAEKEGIARMEKFMTDGLAYAMEHSTRPSTIGHVLSSSPIALLAWIGEKYLQWVDKPLPSETILEMVSLYWLTESFPRAIHTYRECFPTASAPNGATMLQKELYIHKPFGFSFFPKDVHPVPRSWIATTGNLVFFRDHAEGGHFAALERPRELKTDLTAFVEQVWQK,53
L215F/R219N/T317C/T318F/L349V/C350H,MSAPFAKFPSSASISPNPFTVSIPDEQLDDLKTLVRLSKIAPPTYESLQADGRFGITSEWLTTMREKWLSEFDWRPFEARLNSFPQFTTEIEGLTIHFAALFSEREDAVPIALLHGWPGSFVEFYPILQLFREEYTPETLPFHLVVPSLPGYTFSSGPPLDKDFGLMDNARVVDQLMKDLGFGSGYIIQGGDIGSFVGRLLGVGFDACKAVHLNFCAMNAPPEGPSIESLSAAEKEGIARMEKFMTDGLAYAMEHSTRPSTIGHVLSSSPIALLAWIGEKYLQWVDKPLPSETILEMVSLYWLTESFPRAIHTYRECFPTASAPNGATMLQKELYIHKPFGFSFFPKDVHPVPRSWIATTGNLVFFRDHAEGGHFAALERPRELKTDLTAFVEQVWQK,48
F244I/L249I/T317C/T318F/L349V/C350H,MSAPFAKFPSSASISPNPFTVSIPDEQLDDLKTLVRLSKIAPPTYESLQADGRFGITSEWLTTMREKWLSEFDWRPFEARLNSFPQFTTEIEGLTIHFAALFSEREDAVPIALLHGWPGSFVEFYPILQLFREEYTPETLPFHLVVPSLPGYTFSSGPPLDKDFGLMDNARVVDQLMKDLGFGSGYIIQGGDIGSFVGRLLGVGFDACKAVHLNLCAMRAPPEGPSIESLSAAEKEGIARMEKIMTDGIAYAMEHSTRPSTIGHVLSSSPIALLAWIGEKYLQWVDKPLPSETILEMVSLYWLTESFPRAIHTYRECFPTASAPNGATMLQKELYIHKPFGFSFFPKDVHPVPRSWIATTGNLVFFRDHAEGGHFAALERPRELKTDLTAFVEQVWQK,73
F244I/L249V/T317C/T318F/L349V/C350H,MSAPFAKFPSSASISPNPFTVSIPDEQLDDLKTLVRLSKIAPPTYESLQADGRFGITSEWLTTMREKWLSEFDWRPFEARLNSFPQFTTEIEGLTIHFAALFSEREDAVPIALLHGWPGSFVEFYPILQLFREEYTPETLPFHLVVPSLPGYTFSSGPPLDKDFGLMDNARVVDQLMKDLGFGSGYIIQGGDIGSFVGRLLGVGFDACKAVHLNLCAMRAPPEGPSIESLSAAEKEGIARMEKIMTDGVAYAMEHSTRPSTIGHVLSSSPIALLAWIGEKYLQWVDKPLPSETILEMVSLYWLTESFPRAIHTYRECFPTASAPNGATMLQKELYIHKPFGFSFFPKDVHPVPRSWIATTGNLVFFRDHAEGGHFAALERPRELKTDLTAFVEQVWQK,42
L215F/R219C/F244Y/L249F/T317F/T318S,MSAPFAKFPSSASISPNPFTVSIPDEQLDDLKTLVRLSKIAPPTYESLQADGRFGITSEWLTTMREKWLSEFDWRPFEARLNSFPQFTTEIEGLTIHFAALFSEREDAVPIALLHGWPGSFVEFYPILQLFREEYTPETLPFHLVVPSLPGYTFSSGPPLDKDFGLMDNARVVDQLMKDLGFGSGYIIQGGDIGSFVGRLLGVGFDACKAVHLNFCAMCAPPEGPSIESLSAAEKEGIARMEKYMTDGFAYAMEHSTRPSTIGHVLSSSPIALLAWIGEKYLQWVDKPLPSETILEMVSLYWLTESFPRAIHTYREFSPTASAPNGATMLQKELYIHKPFGFSFFPKDLCPVPRSWIATTGNLVFFRDHAEGGHFAALERPRELKTDLTAFVEQVWQK,36
L215F/R219V/T317F/T318S/L349C/C350S,MSAPFAKFPSSASISPNPFTVSIPDEQLDDLKTLVRLSKIAPPTYESLQADGRFGITSEWLTTMREKWLSEFDWRPFEARLNSFPQFTTEIEGLTIHFAALFSEREDAVPIALLHGWPGSFVEFYPILQLFREEYTPETLPFHLVVPSLPGYTFSSGPPLDKDFGLMDNARVVDQLMKDLGFGSGYIIQGGDIGSFVGRLLGVGFDACKAVHLNFCAMVAPPEGPSIESLSAAEKEGIARMEKFMTDGLAYAMEHSTRPSTIGHVLSSSPIALLAWIGEKYLQWVDKPLPSETILEMVSLYWLTESFPRAIHTYREFSPTASAPNGATMLQKELYIHKPFGFSFFPKDCSPVPRSWIATTGNLVFFRDHAEGGHFAALERPRELKTDLTAFVEQVWQK,37
L215F/R219D/F244C/T317C/T318F/C350V,MSAPFAKFPSSASISPNPFTVSIPDEQLDDLKTLVRLSKIAPPTYESLQADGRFGITSEWLTTMREKWLSEFDWRPFEARLNSFPQFTTEIEGLTIHFAALFSEREDAVPIALLHGWPGSFVEFYPILQLFREEYTPETLPFHLVVPSLPGYTFSSGPPLDKDFGLMDNARVVDQLMKDLGFGSGYIIQGGDIGSFVGRLLGVGFDACKAVHLNFCAMDAPPEGPSIESLSAAEKEGIARMEKCMTDGLAYAMEHSTRPSTIGHVLSSSPIALLAWIGEKYLQWVDKPLPSETILEMVSLYWLTESFPRAIHTYRECFPTASAPNGATMLQKELYIHKPFGFSFFPKDLVPVPRSWIATTGNLVFFRDHAEGGHFAALERPRELKTDLTAFVEQVWQK,76
L215F/R219D/F244I/T317C/T318F/C350V,MSAPFAKFPSSASISPNPFTVSIPDEQLDDLKTLVRLSKIAPPTYESLQADGRFGITSEWLTTMREKWLSEFDWRPFEARLNSFPQFTTEIEGLTIHFAALFSEREDAVPIALLHGWPGSFVEFYPILQLFREEYTPETLPFHLVVPSLPGYTFSSGPPLDKDFGLMDNARVVDQLMKDLGFGSGYIIQGGDIGSFVGRLLGVGFDACKAVHLNFCAMDAPPEGPSIESLSAAEKEGIARMEKIMTDGLAYAMEHSTRPSTIGHVLSSSPIALLAWIGEKYLQWVDKPLPSETILEMVSLYWLTESFPRAIHTYRECFPTASAPNGATMLQKELYIHKPFGFSFFPKDLVPVPRSWIATTGNLVFFRDHAEGGHFAALERPRELKTDLTAFVEQVWQK,71
L215F/R219D/L249Y/T317S/T318S/C350V,MSAPFAKFPSSASISPNPFTVSIPDEQLDDLKTLVRLSKIAPPTYESLQADGRFGITSEWLTTMREKWLSEFDWRPFEARLNSFPQFTTEIEGLTIHFAALFSEREDAVPIALLHGWPGSFVEFYPILQLFREEYTPETLPFHLVVPSLPGYTFSSGPPLDKDFGLMDNARVVDQLMKDLGFGSGYIIQGGDIGSFVGRLLGVGFDACKAVHLNFCAMDAPPEGPSIESLSAAEKEGIARMEKFMTDGYAYAMEHSTRPSTIGHVLSSSPIALLAWIGEKYLQWVDKPLPSETILEMVSLYWLTESFPRAIHTYRESSPTASAPNGATMLQKELYIHKPFGFSFFPKDLVPVPRSWIATTGNLVFFRDHAEGGHFAALERPRELKTDLTAFVEQVWQK,51
L215F/R219D/L249Y/T317V/T318F/C350V,MSAPFAKFPSSASISPNPFTVSIPDEQLDDLKTLVRLSKIAPPTYESLQADGRFGITSEWLTTMREKWLSEFDWRPFEARLNSFPQFTTEIEGLTIHFAALFSEREDAVPIALLHGWPGSFVEFYPILQLFREEYTPETLPFHLVVPSLPGYTFSSGPPLDKDFGLMDNARVVDQLMKDLGFGSGYIIQGGDIGSFVGRLLGVGFDACKAVHLNFCAMDAPPEGPSIESLSAAEKEGIARMEKFMTDGYAYAMEHSTRPSTIGHVLSSSPIALLAWIGEKYLQWVDKPLPSETILEMVSLYWLTESFPRAIHTYREVFPTASAPNGATMLQKELYIHKPFGFSFFPKDLVPVPRSWIATTGNLVFFRDHAEGGHFAALERPRELKTDLTAFVEQVWQK,56
L215F/R219D/L249Y/T317F/T318S/L349H,MSAPFAKFPSSASISPNPFTVSIPDEQLDDLKTLVRLSKIAPPTYESLQADGRFGITSEWLTTMREKWLSEFDWRPFEARLNSFPQFTTEIEGLTIHFAALFSEREDAVPIALLHGWPGSFVEFYPILQLFREEYTPETLPFHLVVPSLPGYTFSSGPPLDKDFGLMDNARVVDQLMKDLGFGSGYIIQGGDIGSFVGRLLGVGFDACKAVHLNFCAMDAPPEGPSIESLSAAEKEGIARMEKFMTDGYAYAMEHSTRPSTIGHVLSSSPIALLAWIGEKYLQWVDKPLPSETILEMVSLYWLTESFPRAIHTYREFSPTASAPNGATMLQKELYIHKPFGFSFFPKDHCPVPRSWIATTGNLVFFRDHAEGGHFAALERPRELKTDLTAFVEQVWQK,90
L215F/R219C/L249F/T317F/T318S/C350V,MSAPFAKFPSSASISPNPFTVSIPDEQLDDLKTLVRLSKIAPPTYESLQADGRFGITSEWLTTMREKWLSEFDWRPFEARLNSFPQFTTEIEGLTIHFAALFSEREDAVPIALLHGWPGSFVEFYPILQLFREEYTPETLPFHLVVPSLPGYTFSSGPPLDKDFGLMDNARVVDQLMKDLGFGSGYIIQGGDIGSFVGRLLGVGFDACKAVHLNFCAMCAPPEGPSIESLSAAEKEGIARMEKFMTDGFAYAMEHSTRPSTIGHVLSSSPIALLAWIGEKYLQWVDKPLPSETILEMVSLYWLTESFPRAIHTYREFSPTASAPNGATMLQKELYIHKPFGFSFFPKDLVPVPRSWIATTGNLVFFRDHAEGGHFAALERPRELKTDLTAFVEQVWQK,52
L215F/R219C/T317F/T318S/L349C/C350S,MSAPFAKFPSSASISPNPFTVSIPDEQLDDLKTLVRLSKIAPPTYESLQADGRFGITSEWLTTMREKWLSEFDWRPFEARLNSFPQFTTEIEGLTIHFAALFSEREDAVPIALLHGWPGSFVEFYPILQLFREEYTPETLPFHLVVPSLPGYTFSSGPPLDKDFGLMDNARVVDQLMKDLGFGSGYIIQGGDIGSFVGRLLGVGFDACKAVHLNFCAMCAPPEGPSIESLSAAEKEGIARMEKFMTDGLAYAMEHSTRPSTIGHVLSSSPIALLAWIGEKYLQWVDKPLPSETILEMVSLYWLTESFPRAIHTYREFSPTASAPNGATMLQKELYIHKPFGFSFFPKDCSPVPRSWIATTGNLVFFRDHAEGGHFAALERPRELKTDLTAFVEQVWQK,28
L215F/R219V/L249F/T317I/T318H/C350V,MSAPFAKFPSSASISPNPFTVSIPDEQLDDLKTLVRLSKIAPPTYESLQADGRFGITSEWLTTMREKWLSEFDWRPFEARLNSFPQFTTEIEGLTIHFAALFSEREDAVPIALLHGWPGSFVEFYPILQLFREEYTPETLPFHLVVPSLPGYTFSSGPPLDKDFGLMDNARVVDQLMKDLGFGSGYIIQGGDIGSFVGRLLGVGFDACKAVHLNFCAMVAPPEGPSIESLSAAEKEGIARMEKFMTDGFAYAMEHSTRPSTIGHVLSSSPIALLAWIGEKYLQWVDKPLPSETILEMVSLYWLTESFPRAIHTYREIHPTASAPNGATMLQKELYIHKPFGFSFFPKDLVPVPRSWIATTGNLVFFRDHAEGGHFAALERPRELKTDLTAFVEQVWQK,94
L215F/R219V/L249F/T317V/T318N/C350V,MSAPFAKFPSSASISPNPFTVSIPDEQLDDLKTLVRLSKIAPPTYESLQADGRFGITSEWLTTMREKWLSEFDWRPFEARLNSFPQFTTEIEGLTIHFAALFSEREDAVPIALLHGWPGSFVEFYPILQLFREEYTPETLPFHLVVPSLPGYTFSSGPPLDKDFGLMDNARVVDQLMKDLGFGSGYIIQGGDIGSFVGRLLGVGFDACKAVHLNFCAMVAPPEGPSIESLSAAEKEGIARMEKFMTDGFAYAMEHSTRPSTIGHVLSSSPIALLAWIGEKYLQWVDKPLPSETILEMVSLYWLTESFPRAIHTYREVNPTASAPNGATMLQKELYIHKPFGFSFFPKDLVPVPRSWIATTGNLVFFRDHAEGGHFAALERPRELKTDLTAFVEQVWQK,70
L215F/R219V/L249F/T317V/T318H/C350V,MSAPFAKFPSSASISPNPFTVSIPDEQLDDLKTLVRLSKIAPPTYESLQADGRFGITSEWLTTMREKWLSEFDWRPFEARLNSFPQFTTEIEGLTIHFAALFSEREDAVPIALLHGWPGSFVEFYPILQLFREEYTPETLPFHLVVPSLPGYTFSSGPPLDKDFGLMDNARVVDQLMKDLGFGSGYIIQGGDIGSFVGRLLGVGFDACKAVHLNFCAMVAPPEGPSIESLSAAEKEGIARMEKFMTDGFAYAMEHSTRPSTIGHVLSSSPIALLAWIGEKYLQWVDKPLPSETILEMVSLYWLTESFPRAIHTYREVHPTASAPNGATMLQKELYIHKPFGFSFFPKDLVPVPRSWIATTGNLVFFRDHAEGGHFAALERPRELKTDLTAFVEQVWQK,74
L215F/L249F/T317F/T318S/L349C/C350S,MSAPFAKFPSSASISPNPFTVSIPDEQLDDLKTLVRLSKIAPPTYESLQADGRFGITSEWLTTMREKWLSEFDWRPFEARLNSFPQFTTEIEGLTIHFAALFSEREDAVPIALLHGWPGSFVEFYPILQLFREEYTPETLPFHLVVPSLPGYTFSSGPPLDKDFGLMDNARVVDQLMKDLGFGSGYIIQGGDIGSFVGRLLGVGFDACKAVHLNFCAMRAPPEGPSIESLSAAEKEGIARMEKFMTDGFAYAMEHSTRPSTIGHVLSSSPIALLAWIGEKYLQWVDKPLPSETILEMVSLYWLTESFPRAIHTYREFSPTASAPNGATMLQKELYIHKPFGFSFFPKDCSPVPRSWIATTGNLVFFRDHAEGGHFAALERPRELKTDLTAFVEQVWQK,120
L215F/R219S/L249Y/T317W/T318V/C350V,MSAPFAKFPSSASISPNPFTVSIPDEQLDDLKTLVRLSKIAPPTYESLQADGRFGITSEWLTTMREKWLSEFDWRPFEARLNSFPQFTTEIEGLTIHFAALFSEREDAVPIALLHGWPGSFVEFYPILQLFREEYTPETLPFHLVVPSLPGYTFSSGPPLDKDFGLMDNARVVDQLMKDLGFGSGYIIQGGDIGSFVGRLLGVGFDACKAVHLNFCAMSAPPEGPSIESLSAAEKEGIARMEKFMTDGYAYAMEHSTRPSTIGHVLSSSPIALLAWIGEKYLQWVDKPLPSETILEMVSLYWLTESFPRAIHTYREWVPTASAPNGATMLQKELYIHKPFGFSFFPKDLVPVPRSWIATTGNLVFFRDHAEGGHFAALERPRELKTDLTAFVEQVWQK,102
L215F/R219D/F244I/L249I/T317C/T318F/C350V,MSAPFAKFPSSASISPNPFTVSIPDEQLDDLKTLVRLSKIAPPTYESLQADGRFGITSEWLTTMREKWLSEFDWRPFEARLNSFPQFTTEIEGLTIHFAALFSEREDAVPIALLHGWPGSFVEFYPILQLFREEYTPETLPFHLVVPSLPGYTFSSGPPLDKDFGLMDNARVVDQLMKDLGFGSGYIIQGGDIGSFVGRLLGVGFDACKAVHLNFCAMDAPPEGPSIESLSAAEKEGIARMEKIMTDGIAYAMEHSTRPSTIGHVLSSSPIALLAWIGEKYLQWVDKPLPSETILEMVSLYWLTESFPRAIHTYRECFPTASAPNGATMLQKELYIHKPFGFSFFPKDLVPVPRSWIATTGNLVFFRDHAEGGHFAALERPRELKTDLTAFVEQVWQK,69
L215F/R219D/F244V/L249I/T317C/T318F/C350I,MSAPFAKFPSSASISPNPFTVSIPDEQLDDLKTLVRLSKIAPPTYESLQADGRFGITSEWLTTMREKWLSEFDWRPFEARLNSFPQFTTEIEGLTIHFAALFSEREDAVPIALLHGWPGSFVEFYPILQLFREEYTPETLPFHLVVPSLPGYTFSSGPPLDKDFGLMDNARVVDQLMKDLGFGSGYIIQGGDIGSFVGRLLGVGFDACKAVHLNFCAMDAPPEGPSIESLSAAEKEGIARMEKVMTDGIAYAMEHSTRPSTIGHVLSSSPIALLAWIGEKYLQWVDKPLPSETILEMVSLYWLTESFPRAIHTYRECFPTASAPNGATMLQKELYIHKPFGFSFFPKDLIPVPRSWIATTGNLVFFRDHAEGGHFAALERPRELKTDLTAFVEQVWQK,77
L215F/R219D/L249F/T317C/T318F/L349N/C350I,MSAPFAKFPSSASISPNPFTVSIPDEQLDDLKTLVRLSKIAPPTYESLQADGRFGITSEWLTTMREKWLSEFDWRPFEARLNSFPQFTTEIEGLTIHFAALFSEREDAVPIALLHGWPGSFVEFYPILQLFREEYTPETLPFHLVVPSLPGYTFSSGPPLDKDFGLMDNARVVDQLMKDLGFGSGYIIQGGDIGSFVGRLLGVGFDACKAVHLNFCAMDAPPEGPSIESLSAAEKEGIARMEKFMTDGFAYAMEHSTRPSTIGHVLSSSPIALLAWIGEKYLQWVDKPLPSETILEMVSLYWLTESFPRAIHTYRECFPTASAPNGATMLQKELYIHKPFGFSFFPKDNIPVPRSWIATTGNLVFFRDHAEGGHFAALERPRELKTDLTAFVEQVWQK,57
L215F/R219V/L249F/T317F/T318C/L349D/C350Y,MSAPFAKFPSSASISPNPFTVSIPDEQLDDLKTLVRLSKIAPPTYESLQADGRFGITSEWLTTMREKWLSEFDWRPFEARLNSFPQFTTEIEGLTIHFAALFSEREDAVPIALLHGWPGSFVEFYPILQLFREEYTPETLPFHLVVPSLPGYTFSSGPPLDKDFGLMDNARVVDQLMKDLGFGSGYIIQGGDIGSFVGRLLGVGFDACKAVHLNFCAMVAPPEGPSIESLSAAEKEGIARMEKFMTDGFAYAMEHSTRPSTIGHVLSSSPIALLAWIGEKYLQWVDKPLPSETILEMVSLYWLTESFPRAIHTYREFCPTASAPNGATMLQKELYIHKPFGFSFFPKDDYPVPRSWIATTGNLVFFRDHAEGGHFAALERPRELKTDLTAFVEQVWQK,158
L215F/R219V/L249F/T317F/T318C/L349V/C350H,MSAPFAKFPSSASISPNPFTVSIPDEQLDDLKTLVRLSKIAPPTYESLQADGRFGITSEWLTTMREKWLSEFDWRPFEARLNSFPQFTTEIEGLTIHFAALFSEREDAVPIALLHGWPGSFVEFYPILQLFREEYTPETLPFHLVVPSLPGYTFSSGPPLDKDFGLMDNARVVDQLMKDLGFGSGYIIQGGDIGSFVGRLLGVGFDACKAVHLNFCAMVAPPEGPSIESLSAAEKEGIARMEKFMTDGFAYAMEHSTRPSTIGHVLSSSPIALLAWIGEKYLQWVDKPLPSETILEMVSLYWLTESFPRAIHTYREFCPTASAPNGATMLQKELYIHKPFGFSFFPKDVHPVPRSWIATTGNLVFFRDHAEGGHFAALERPRELKTDLTAFVEQVWQK,108
L215F/R219L/L249F/T317F/T318V/L349V/C350H,MSAPFAKFPSSASISPNPFTVSIPDEQLDDLKTLVRLSKIAPPTYESLQADGRFGITSEWLTTMREKWLSEFDWRPFEARLNSFPQFTTEIEGLTIHFAALFSEREDAVPIALLHGWPGSFVEFYPILQLFREEYTPETLPFHLVVPSLPGYTFSSGPPLDKDFGLMDNARVVDQLMKDLGFGSGYIIQGGDIGSFVGRLLGVGFDACKAVHLNFCAMLAPPEGPSIESLSAAEKEGIARMEKFMTDGFAYAMEHSTRPSTIGHVLSSSPIALLAWIGEKYLQWVDKPLPSETILEMVSLYWLTESFPRAIHTYREFVPTASAPNGATMLQKELYIHKPFGFSFFPKDVHPVPRSWIATTGNLVFFRDHAEGGHFAALERPRELKTDLTAFVEQVWQK,81
L215F/R219L/L249F/T317F/T318I/L349V/C350H,MSAPFAKFPSSASISPNPFTVSIPDEQLDDLKTLVRLSKIAPPTYESLQADGRFGITSEWLTTMREKWLSEFDWRPFEARLNSFPQFTTEIEGLTIHFAALFSEREDAVPIALLHGWPGSFVEFYPILQLFREEYTPETLPFHLVVPSLPGYTFSSGPPLDKDFGLMDNARVVDQLMKDLGFGSGYIIQGGDIGSFVGRLLGVGFDACKAVHLNFCAMLAPPEGPSIESLSAAEKEGIARMEKFMTDGFAYAMEHSTRPSTIGHVLSSSPIALLAWIGEKYLQWVDKPLPSETILEMVSLYWLTESFPRAIHTYREFIPTASAPNGATMLQKELYIHKPFGFSFFPKDVHPVPRSWIATTGNLVFFRDHAEGGHFAALERPRELKTDLTAFVEQVWQK,66
L215F/R219L/L249F/T317I/T318S/L349V/C350H,MSAPFAKFPSSASISPNPFTVSIPDEQLDDLKTLVRLSKIAPPTYESLQADGRFGITSEWLTTMREKWLSEFDWRPFEARLNSFPQFTTEIEGLTIHFAALFSEREDAVPIALLHGWPGSFVEFYPILQLFREEYTPETLPFHLVVPSLPGYTFSSGPPLDKDFGLMDNARVVDQLMKDLGFGSGYIIQGGDIGSFVGRLLGVGFDACKAVHLNFCAMLAPPEGPSIESLSAAEKEGIARMEKFMTDGFAYAMEHSTRPSTIGHVLSSSPIALLAWIGEKYLQWVDKPLPSETILEMVSLYWLTESFPRAIHTYREISPTASAPNGATMLQKELYIHKPFGFSFFPKDVHPVPRSWIATTGNLVFFRDHAEGGHFAALERPRELKTDLTAFVEQVWQK,80
L215F/R219L/L249F/T317I/T318N/L349V/C350H,MSAPFAKFPSSASISPNPFTVSIPDEQLDDLKTLVRLSKIAPPTYESLQADGRFGITSEWLTTMREKWLSEFDWRPFEARLNSFPQFTTEIEGLTIHFAALFSEREDAVPIALLHGWPGSFVEFYPILQLFREEYTPETLPFHLVVPSLPGYTFSSGPPLDKDFGLMDNARVVDQLMKDLGFGSGYIIQGGDIGSFVGRLLGVGFDACKAVHLNFCAMLAPPEGPSIESLSAAEKEGIARMEKFMTDGFAYAMEHSTRPSTIGHVLSSSPIALLAWIGEKYLQWVDKPLPSETILEMVSLYWLTESFPRAIHTYREINPTASAPNGATMLQKELYIHKPFGFSFFPKDVHPVPRSWIATTGNLVFFRDHAEGGHFAALERPRELKTDLTAFVEQVWQK,66
L215F/R219N/L249F/T317V/T318F/L349V/C350H,MSAPFAKFPSSASISPNPFTVSIPDEQLDDLKTLVRLSKIAPPTYESLQADGRFGITSEWLTTMREKWLSEFDWRPFEARLNSFPQFTTEIEGLTIHFAALFSEREDAVPIALLHGWPGSFVEFYPILQLFREEYTPETLPFHLVVPSLPGYTFSSGPPLDKDFGLMDNARVVDQLMKDLGFGSGYIIQGGDIGSFVGRLLGVGFDACKAVHLNFCAMNAPPEGPSIESLSAAEKEGIARMEKFMTDGFAYAMEHSTRPSTIGHVLSSSPIALLAWIGEKYLQWVDKPLPSETILEMVSLYWLTESFPRAIHTYREVFPTASAPNGATMLQKELYIHKPFGFSFFPKDVHPVPRSWIATTGNLVFFRDHAEGGHFAALERPRELKTDLTAFVEQVWQK,69
L215F/R219L/L249F/T317V/T318F/L349V/C350H,MSAPFAKFPSSASISPNPFTVSIPDEQLDDLKTLVRLSKIAPPTYESLQADGRFGITSEWLTTMREKWLSEFDWRPFEARLNSFPQFTTEIEGLTIHFAALFSEREDAVPIALLHGWPGSFVEFYPILQLFREEYTPETLPFHLVVPSLPGYTFSSGPPLDKDFGLMDNARVVDQLMKDLGFGSGYIIQGGDIGSFVGRLLGVGFDACKAVHLNFCAMLAPPEGPSIESLSAAEKEGIARMEKFMTDGFAYAMEHSTRPSTIGHVLSSSPIALLAWIGEKYLQWVDKPLPSETILEMVSLYWLTESFPRAIHTYREVFPTASAPNGATMLQKELYIHKPFGFSFFPKDVHPVPRSWIATTGNLVFFRDHAEGGHFAALERPRELKTDLTAFVEQVWQK,75
L215F/R219G/L249F/T317C/T318F/L349V/C350H,MSAPFAKFPSSASISPNPFTVSIPDEQLDDLKTLVRLSKIAPPTYESLQADGRFGITSEWLTTMREKWLSEFDWRPFEARLNSFPQFTTEIEGLTIHFAALFSEREDAVPIALLHGWPGSFVEFYPILQLFREEYTPETLPFHLVVPSLPGYTFSSGPPLDKDFGLMDNARVVDQLMKDLGFGSGYIIQGGDIGSFVGRLLGVGFDACKAVHLNFCAMGAPPEGPSIESLSAAEKEGIARMEKFMTDGFAYAMEHSTRPSTIGHVLSSSPIALLAWIGEKYLQWVDKPLPSETILEMVSLYWLTESFPRAIHTYRECFPTASAPNGATMLQKELYIHKPFGFSFFPKDVHPVPRSWIATTGNLVFFRDHAEGGHFAALERPRELKTDLTAFVEQVWQK,57
L215F/R219V/L249F/T317C/T318F/L349V/C350H,MSAPFAKFPSSASISPNPFTVSIPDEQLDDLKTLVRLSKIAPPTYESLQADGRFGITSEWLTTMREKWLSEFDWRPFEARLNSFPQFTTEIEGLTIHFAALFSEREDAVPIALLHGWPGSFVEFYPILQLFREEYTPETLPFHLVVPSLPGYTFSSGPPLDKDFGLMDNARVVDQLMKDLGFGSGYIIQGGDIGSFVGRLLGVGFDACKAVHLNFCAMVAPPEGPSIESLSAAEKEGIARMEKFMTDGFAYAMEHSTRPSTIGHVLSSSPIALLAWIGEKYLQWVDKPLPSETILEMVSLYWLTESFPRAIHTYRECFPTASAPNGATMLQKELYIHKPFGFSFFPKDVHPVPRSWIATTGNLVFFRDHAEGGHFAALERPRELKTDLTAFVEQVWQK,35
L215F/R219S/L249F/T317C/T318F/L349V/C350H,MSAPFAKFPSSASISPNPFTVSIPDEQLDDLKTLVRLSKIAPPTYESLQADGRFGITSEWLTTMREKWLSEFDWRPFEARLNSFPQFTTEIEGLTIHFAALFSEREDAVPIALLHGWPGSFVEFYPILQLFREEYTPETLPFHLVVPSLPGYTFSSGPPLDKDFGLMDNARVVDQLMKDLGFGSGYIIQGGDIGSFVGRLLGVGFDACKAVHLNFCAMSAPPEGPSIESLSAAEKEGIARMEKFMTDGFAYAMEHSTRPSTIGHVLSSSPIALLAWIGEKYLQWVDKPLPSETILEMVSLYWLTESFPRAIHTYRECFPTASAPNGATMLQKELYIHKPFGFSFFPKDVHPVPRSWIATTGNLVFFRDHAEGGHFAALERPRELKTDLTAFVEQVWQK,55
L215F/R219C/F244I/L249F/T317F/T318S/L349V,MSAPFAKFPSSASISPNPFTVSIPDEQLDDLKTLVRLSKIAPPTYESLQADGRFGITSEWLTTMREKWLSEFDWRPFEARLNSFPQFTTEIEGLTIHFAALFSEREDAVPIALLHGWPGSFVEFYPILQLFREEYTPETLPFHLVVPSLPGYTFSSGPPLDKDFGLMDNARVVDQLMKDLGFGSGYIIQGGDIGSFVGRLLGVGFDACKAVHLNFCAMCAPPEGPSIESLSAAEKEGIARMEKIMTDGFAYAMEHSTRPSTIGHVLSSSPIALLAWIGEKYLQWVDKPLPSETILEMVSLYWLTESFPRAIHTYREFSPTASAPNGATMLQKELYIHKPFGFSFFPKDVCPVPRSWIATTGNLVFFRDHAEGGHFAALERPRELKTDLTAFVEQVWQK,86
L215F/F244H/L249F/T317F/T318S/L349C/C350S,MSAPFAKFPSSASISPNPFTVSIPDEQLDDLKTLVRLSKIAPPTYESLQADGRFGITSEWLTTMREKWLSEFDWRPFEARLNSFPQFTTEIEGLTIHFAALFSEREDAVPIALLHGWPGSFVEFYPILQLFREEYTPETLPFHLVVPSLPGYTFSSGPPLDKDFGLMDNARVVDQLMKDLGFGSGYIIQGGDIGSFVGRLLGVGFDACKAVHLNFCAMRAPPEGPSIESLSAAEKEGIARMEKHMTDGFAYAMEHSTRPSTIGHVLSSSPIALLAWIGEKYLQWVDKPLPSETILEMVSLYWLTESFPRAIHTYREFSPTASAPNGATMLQKELYIHKPFGFSFFPKDCSPVPRSWIATTGNLVFFRDHAEGGHFAALERPRELKTDLTAFVEQVWQK,110
L215F/R219D/L249Y/T317F/T318V/L349V/C350H,MSAPFAKFPSSASISPNPFTVSIPDEQLDDLKTLVRLSKIAPPTYESLQADGRFGITSEWLTTMREKWLSEFDWRPFEARLNSFPQFTTEIEGLTIHFAALFSEREDAVPIALLHGWPGSFVEFYPILQLFREEYTPETLPFHLVVPSLPGYTFSSGPPLDKDFGLMDNARVVDQLMKDLGFGSGYIIQGGDIGSFVGRLLGVGFDACKAVHLNFCAMDAPPEGPSIESLSAAEKEGIARMEKFMTDGYAYAMEHSTRPSTIGHVLSSSPIALLAWIGEKYLQWVDKPLPSETILEMVSLYWLTESFPRAIHTYREFVPTASAPNGATMLQKELYIHKPFGFSFFPKDVHPVPRSWIATTGNLVFFRDHAEGGHFAALERPRELKTDLTAFVEQVWQK,87
R219F/F244I/L249I/T317C/T318F/L349V/C350H,MSAPFAKFPSSASISPNPFTVSIPDEQLDDLKTLVRLSKIAPPTYESLQADGRFGITSEWLTTMREKWLSEFDWRPFEARLNSFPQFTTEIEGLTIHFAALFSEREDAVPIALLHGWPGSFVEFYPILQLFREEYTPETLPFHLVVPSLPGYTFSSGPPLDKDFGLMDNARVVDQLMKDLGFGSGYIIQGGDIGSFVGRLLGVGFDACKAVHLNLCAMFAPPEGPSIESLSAAEKEGIARMEKIMTDGIAYAMEHSTRPSTIGHVLSSSPIALLAWIGEKYLQWVDKPLPSETILEMVSLYWLTESFPRAIHTYRECFPTASAPNGATMLQKELYIHKPFGFSFFPKDVHPVPRSWIATTGNLVFFRDHAEGGHFAALERPRELKTDLTAFVEQVWQK,127
R219I/F244I/L249I/T317C/T318F/L349V/C350H,MSAPFAKFPSSASISPNPFTVSIPDEQLDDLKTLVRLSKIAPPTYESLQADGRFGITSEWLTTMREKWLSEFDWRPFEARLNSFPQFTTEIEGLTIHFAALFSEREDAVPIALLHGWPGSFVEFYPILQLFREEYTPETLPFHLVVPSLPGYTFSSGPPLDKDFGLMDNARVVDQLMKDLGFGSGYIIQGGDIGSFVGRLLGVGFDACKAVHLNLCAMIAPPEGPSIESLSAAEKEGIARMEKIMTDGIAYAMEHSTRPSTIGHVLSSSPIALLAWIGEKYLQWVDKPLPSETILEMVSLYWLTESFPRAIHTYRECFPTASAPNGATMLQKELYIHKPFGFSFFPKDVHPVPRSWIATTGNLVFFRDHAEGGHFAALERPRELKTDLTAFVEQVWQK,118
R219N/F244I/L249I/T317C/T318F/L349V/C350H,MSAPFAKFPSSASISPNPFTVSIPDEQLDDLKTLVRLSKIAPPTYESLQADGRFGITSEWLTTMREKWLSEFDWRPFEARLNSFPQFTTEIEGLTIHFAALFSEREDAVPIALLHGWPGSFVEFYPILQLFREEYTPETLPFHLVVPSLPGYTFSSGPPLDKDFGLMDNARVVDQLMKDLGFGSGYIIQGGDIGSFVGRLLGVGFDACKAVHLNLCAMNAPPEGPSIESLSAAEKEGIARMEKIMTDGIAYAMEHSTRPSTIGHVLSSSPIALLAWIGEKYLQWVDKPLPSETILEMVSLYWLTESFPRAIHTYRECFPTASAPNGATMLQKELYIHKPFGFSFFPKDVHPVPRSWIATTGNLVFFRDHAEGGHFAALERPRELKTDLTAFVEQVWQK,105
R219V/F244I/L249I/T317C/T318F/L349V/C350H,MSAPFAKFPSSASISPNPFTVSIPDEQLDDLKTLVRLSKIAPPTYESLQADGRFGITSEWLTTMREKWLSEFDWRPFEARLNSFPQFTTEIEGLTIHFAALFSEREDAVPIALLHGWPGSFVEFYPILQLFREEYTPETLPFHLVVPSLPGYTFSSGPPLDKDFGLMDNARVVDQLMKDLGFGSGYIIQGGDIGSFVGRLLGVGFDACKAVHLNLCAMVAPPEGPSIESLSAAEKEGIARMEKIMTDGIAYAMEHSTRPSTIGHVLSSSPIALLAWIGEKYLQWVDKPLPSETILEMVSLYWLTESFPRAIHTYRECFPTASAPNGATMLQKELYIHKPFGFSFFPKDVHPVPRSWIATTGNLVFFRDHAEGGHFAALERPRELKTDLTAFVEQVWQK,121
R219C/F244I/L249I/T317C/T318F/L349V/C350H,MSAPFAKFPSSASISPNPFTVSIPDEQLDDLKTLVRLSKIAPPTYESLQADGRFGITSEWLTTMREKWLSEFDWRPFEARLNSFPQFTTEIEGLTIHFAALFSEREDAVPIALLHGWPGSFVEFYPILQLFREEYTPETLPFHLVVPSLPGYTFSSGPPLDKDFGLMDNARVVDQLMKDLGFGSGYIIQGGDIGSFVGRLLGVGFDACKAVHLNLCAMCAPPEGPSIESLSAAEKEGIARMEKIMTDGIAYAMEHSTRPSTIGHVLSSSPIALLAWIGEKYLQWVDKPLPSETILEMVSLYWLTESFPRAIHTYRECFPTASAPNGATMLQKELYIHKPFGFSFFPKDVHPVPRSWIATTGNLVFFRDHAEGGHFAALERPRELKTDLTAFVEQVWQK,120
R219H/F244I/L249I/T317C/T318F/L349V/C350H,MSAPFAKFPSSASISPNPFTVSIPDEQLDDLKTLVRLSKIAPPTYESLQADGRFGITSEWLTTMREKWLSEFDWRPFEARLNSFPQFTTEIEGLTIHFAALFSEREDAVPIALLHGWPGSFVEFYPILQLFREEYTPETLPFHLVVPSLPGYTFSSGPPLDKDFGLMDNARVVDQLMKDLGFGSGYIIQGGDIGSFVGRLLGVGFDACKAVHLNLCAMHAPPEGPSIESLSAAEKEGIARMEKIMTDGIAYAMEHSTRPSTIGHVLSSSPIALLAWIGEKYLQWVDKPLPSETILEMVSLYWLTESFPRAIHTYRECFPTASAPNGATMLQKELYIHKPFGFSFFPKDVHPVPRSWIATTGNLVFFRDHAEGGHFAALERPRELKTDLTAFVEQVWQK,118
R219G/F244I/L249I/T317C/T318F/L349V/C350H,MSAPFAKFPSSASISPNPFTVSIPDEQLDDLKTLVRLSKIAPPTYESLQADGRFGITSEWLTTMREKWLSEFDWRPFEARLNSFPQFTTEIEGLTIHFAALFSEREDAVPIALLHGWPGSFVEFYPILQLFREEYTPETLPFHLVVPSLPGYTFSSGPPLDKDFGLMDNARVVDQLMKDLGFGSGYIIQGGDIGSFVGRLLGVGFDACKAVHLNLCAMGAPPEGPSIESLSAAEKEGIARMEKIMTDGIAYAMEHSTRPSTIGHVLSSSPIALLAWIGEKYLQWVDKPLPSETILEMVSLYWLTESFPRAIHTYRECFPTASAPNGATMLQKELYIHKPFGFSFFPKDVHPVPRSWIATTGNLVFFRDHAEGGHFAALERPRELKTDLTAFVEQVWQK,122
L215F/R219D/L249Y/T317V/T318F/L349V/C350H,MSAPFAKFPSSASISPNPFTVSIPDEQLDDLKTLVRLSKIAPPTYESLQADGRFGITSEWLTTMREKWLSEFDWRPFEARLNSFPQFTTEIEGLTIHFAALFSEREDAVPIALLHGWPGSFVEFYPILQLFREEYTPETLPFHLVVPSLPGYTFSSGPPLDKDFGLMDNARVVDQLMKDLGFGSGYIIQGGDIGSFVGRLLGVGFDACKAVHLNFCAMDAPPEGPSIESLSAAEKEGIARMEKFMTDGYAYAMEHSTRPSTIGHVLSSSPIALLAWIGEKYLQWVDKPLPSETILEMVSLYWLTESFPRAIHTYREVFPTASAPNGATMLQKELYIHKPFGFSFFPKDVHPVPRSWIATTGNLVFFRDHAEGGHFAALERPRELKTDLTAFVEQVWQK,61
L215F/R219D/L249Y/T317F/T318G/L349V/C350H,MSAPFAKFPSSASISPNPFTVSIPDEQLDDLKTLVRLSKIAPPTYESLQADGRFGITSEWLTTMREKWLSEFDWRPFEARLNSFPQFTTEIEGLTIHFAALFSEREDAVPIALLHGWPGSFVEFYPILQLFREEYTPETLPFHLVVPSLPGYTFSSGPPLDKDFGLMDNARVVDQLMKDLGFGSGYIIQGGDIGSFVGRLLGVGFDACKAVHLNFCAMDAPPEGPSIESLSAAEKEGIARMEKFMTDGYAYAMEHSTRPSTIGHVLSSSPIALLAWIGEKYLQWVDKPLPSETILEMVSLYWLTESFPRAIHTYREFGPTASAPNGATMLQKELYIHKPFGFSFFPKDVHPVPRSWIATTGNLVFFRDHAEGGHFAALERPRELKTDLTAFVEQVWQK,92
L215F/R219D/L249Y/T317I/T318F/L349V/C350H,MSAPFAKFPSSASISPNPFTVSIPDEQLDDLKTLVRLSKIAPPTYESLQADGRFGITSEWLTTMREKWLSEFDWRPFEARLNSFPQFTTEIEGLTIHFAALFSEREDAVPIALLHGWPGSFVEFYPILQLFREEYTPETLPFHLVVPSLPGYTFSSGPPLDKDFGLMDNARVVDQLMKDLGFGSGYIIQGGDIGSFVGRLLGVGFDACKAVHLNFCAMDAPPEGPSIESLSAAEKEGIARMEKFMTDGYAYAMEHSTRPSTIGHVLSSSPIALLAWIGEKYLQWVDKPLPSETILEMVSLYWLTESFPRAIHTYREIFPTASAPNGATMLQKELYIHKPFGFSFFPKDVHPVPRSWIATTGNLVFFRDHAEGGHFAALERPRELKTDLTAFVEQVWQK,64
L215F/R219G/L249Y/T317V/T318F/L349V/C350H,MSAPFAKFPSSASISPNPFTVSIPDEQLDDLKTLVRLSKIAPPTYESLQADGRFGITSEWLTTMREKWLSEFDWRPFEARLNSFPQFTTEIEGLTIHFAALFSEREDAVPIALLHGWPGSFVEFYPILQLFREEYTPETLPFHLVVPSLPGYTFSSGPPLDKDFGLMDNARVVDQLMKDLGFGSGYIIQGGDIGSFVGRLLGVGFDACKAVHLNFCAMGAPPEGPSIESLSAAEKEGIARMEKFMTDGYAYAMEHSTRPSTIGHVLSSSPIALLAWIGEKYLQWVDKPLPSETILEMVSLYWLTESFPRAIHTYREVFPTASAPNGATMLQKELYIHKPFGFSFFPKDVHPVPRSWIATTGNLVFFRDHAEGGHFAALERPRELKTDLTAFVEQVWQK,49
L215F/R219H/L249Y/T317V/T318F/L349V/C350H,MSAPFAKFPSSASISPNPFTVSIPDEQLDDLKTLVRLSKIAPPTYESLQADGRFGITSEWLTTMREKWLSEFDWRPFEARLNSFPQFTTEIEGLTIHFAALFSEREDAVPIALLHGWPGSFVEFYPILQLFREEYTPETLPFHLVVPSLPGYTFSSGPPLDKDFGLMDNARVVDQLMKDLGFGSGYIIQGGDIGSFVGRLLGVGFDACKAVHLNFCAMHAPPEGPSIESLSAAEKEGIARMEKFMTDGYAYAMEHSTRPSTIGHVLSSSPIALLAWIGEKYLQWVDKPLPSETILEMVSLYWLTESFPRAIHTYREVFPTASAPNGATMLQKELYIHKPFGFSFFPKDVHPVPRSWIATTGNLVFFRDHAEGGHFAALERPRELKTDLTAFVEQVWQK,51
L215F/R219N/L249Y/T317V/T318F/L349V/C350H,MSAPFAKFPSSASISPNPFTVSIPDEQLDDLKTLVRLSKIAPPTYESLQADGRFGITSEWLTTMREKWLSEFDWRPFEARLNSFPQFTTEIEGLTIHFAALFSEREDAVPIALLHGWPGSFVEFYPILQLFREEYTPETLPFHLVVPSLPGYTFSSGPPLDKDFGLMDNARVVDQLMKDLGFGSGYIIQGGDIGSFVGRLLGVGFDACKAVHLNFCAMNAPPEGPSIESLSAAEKEGIARMEKFMTDGYAYAMEHSTRPSTIGHVLSSSPIALLAWIGEKYLQWVDKPLPSETILEMVSLYWLTESFPRAIHTYREVFPTASAPNGATMLQKELYIHKPFGFSFFPKDVHPVPRSWIATTGNLVFFRDHAEGGHFAALERPRELKTDLTAFVEQVWQK,57
L215F/R219C/F244N/L249F/T317F/T318S/C350V,MSAPFAKFPSSASISPNPFTVSIPDEQLDDLKTLVRLSKIAPPTYESLQADGRFGITSEWLTTMREKWLSEFDWRPFEARLNSFPQFTTEIEGLTIHFAALFSEREDAVPIALLHGWPGSFVEFYPILQLFREEYTPETLPFHLVVPSLPGYTFSSGPPLDKDFGLMDNARVVDQLMKDLGFGSGYIIQGGDIGSFVGRLLGVGFDACKAVHLNFCAMCAPPEGPSIESLSAAEKEGIARMEKNMTDGFAYAMEHSTRPSTIGHVLSSSPIALLAWIGEKYLQWVDKPLPSETILEMVSLYWLTESFPRAIHTYREFSPTASAPNGATMLQKELYIHKPFGFSFFPKDLVPVPRSWIATTGNLVFFRDHAEGGHFAALERPRELKTDLTAFVEQVWQK,48
L215F/R219C/F244H/L249F/T317F/T318S/C350V,MSAPFAKFPSSASISPNPFTVSIPDEQLDDLKTLVRLSKIAPPTYESLQADGRFGITSEWLTTMREKWLSEFDWRPFEARLNSFPQFTTEIEGLTIHFAALFSEREDAVPIALLHGWPGSFVEFYPILQLFREEYTPETLPFHLVVPSLPGYTFSSGPPLDKDFGLMDNARVVDQLMKDLGFGSGYIIQGGDIGSFVGRLLGVGFDACKAVHLNFCAMCAPPEGPSIESLSAAEKEGIARMEKHMTDGFAYAMEHSTRPSTIGHVLSSSPIALLAWIGEKYLQWVDKPLPSETILEMVSLYWLTESFPRAIHTYREFSPTASAPNGATMLQKELYIHKPFGFSFFPKDLVPVPRSWIATTGNLVFFRDHAEGGHFAALERPRELKTDLTAFVEQVWQK,50
L215F/R219D/F244I/L249I/T317I/T318F/L349V/C350H,MSAPFAKFPSSASISPNPFTVSIPDEQLDDLKTLVRLSKIAPPTYESLQADGRFGITSEWLTTMREKWLSEFDWRPFEARLNSFPQFTTEIEGLTIHFAALFSEREDAVPIALLHGWPGSFVEFYPILQLFREEYTPETLPFHLVVPSLPGYTFSSGPPLDKDFGLMDNARVVDQLMKDLGFGSGYIIQGGDIGSFVGRLLGVGFDACKAVHLNFCAMDAPPEGPSIESLSAAEKEGIARMEKIMTDGIAYAMEHSTRPSTIGHVLSSSPIALLAWIGEKYLQWVDKPLPSETILEMVSLYWLTESFPRAIHTYREIFPTASAPNGATMLQKELYIHKPFGFSFFPKDVHPVPRSWIATTGNLVFFRDHAEGGHFAALERPRELKTDLTAFVEQVWQK,98
L215F/R219D/F244V/L249I/T317I/T318F/L349V/C350H,MSAPFAKFPSSASISPNPFTVSIPDEQLDDLKTLVRLSKIAPPTYESLQADGRFGITSEWLTTMREKWLSEFDWRPFEARLNSFPQFTTEIEGLTIHFAALFSEREDAVPIALLHGWPGSFVEFYPILQLFREEYTPETLPFHLVVPSLPGYTFSSGPPLDKDFGLMDNARVVDQLMKDLGFGSGYIIQGGDIGSFVGRLLGVGFDACKAVHLNFCAMDAPPEGPSIESLSAAEKEGIARMEKVMTDGIAYAMEHSTRPSTIGHVLSSSPIALLAWIGEKYLQWVDKPLPSETILEMVSLYWLTESFPRAIHTYREIFPTASAPNGATMLQKELYIHKPFGFSFFPKDVHPVPRSWIATTGNLVFFRDHAEGGHFAALERPRELKTDLTAFVEQVWQK,111
L215F/R219D/F244V/L249V/T317I/T318F/L349V/C350H,MSAPFAKFPSSASISPNPFTVSIPDEQLDDLKTLVRLSKIAPPTYESLQADGRFGITSEWLTTMREKWLSEFDWRPFEARLNSFPQFTTEIEGLTIHFAALFSEREDAVPIALLHGWPGSFVEFYPILQLFREEYTPETLPFHLVVPSLPGYTFSSGPPLDKDFGLMDNARVVDQLMKDLGFGSGYIIQGGDIGSFVGRLLGVGFDACKAVHLNFCAMDAPPEGPSIESLSAAEKEGIARMEKVMTDGVAYAMEHSTRPSTIGHVLSSSPIALLAWIGEKYLQWVDKPLPSETILEMVSLYWLTESFPRAIHTYREIFPTASAPNGATMLQKELYIHKPFGFSFFPKDVHPVPRSWIATTGNLVFFRDHAEGGHFAALERPRELKTDLTAFVEQVWQK,119
L215F/R219D/C350V,MSAPFAKFPSSASISPNPFTVSIPDEQLDDLKTLVRLSKIAPPTYESLQADGRFGITSEWLTTMREKWLSEFDWRPFEARLNSFPQFTTEIEGLTIHFAALFSEREDAVPIALLHGWPGSFVEFYPILQLFREEYTPETLPFHLVVPSLPGYTFSSGPPLDKDFGLMDNARVVDQLMKDLGFGSGYIIQGGDIGSFVGRLLGVGFDACKAVHLNFCAMDAPPEGPSIESLSAAEKEGIARMEKFMTDGLAYAMEHSTRPSTIGHVLSSSPIALLAWIGEKYLQWVDKPLPSETILEMVSLYWLTESFPRAIHTYRETTPTASAPNGATMLQKELYIHKPFGFSFFPKDLVPVPRSWIATTGNLVFFRDHAEGGHFAALERPRELKTDLTAFVEQVWQK,24
L249Y/L349V/C350H,MSAPFAKFPSSASISPNPFTVSIPDEQLDDLKTLVRLSKIAPPTYESLQADGRFGITSEWLTTMREKWLSEFDWRPFEARLNSFPQFTTEIEGLTIHFAALFSEREDAVPIALLHGWPGSFVEFYPILQLFREEYTPETLPFHLVVPSLPGYTFSSGPPLDKDFGLMDNARVVDQLMKDLGFGSGYIIQGGDIGSFVGRLLGVGFDACKAVHLNLCAMRAPPEGPSIESLSAAEKEGIARMEKFMTDGYAYAMEHSTRPSTIGHVLSSSPIALLAWIGEKYLQWVDKPLPSETILEMVSLYWLTESFPRAIHTYRETTPTASAPNGATMLQKELYIHKPFGFSFFPKDVHPVPRSWIATTGNLVFFRDHAEGGHFAALERPRELKTDLTAFVEQVWQK,12
L215I/R219S/L249F,MSAPFAKFPSSASISPNPFTVSIPDEQLDDLKTLVRLSKIAPPTYESLQADGRFGITSEWLTTMREKWLSEFDWRPFEARLNSFPQFTTEIEGLTIHFAALFSEREDAVPIALLHGWPGSFVEFYPILQLFREEYTPETLPFHLVVPSLPGYTFSSGPPLDKDFGLMDNARVVDQLMKDLGFGSGYIIQGGDIGSFVGRLLGVGFDACKAVHLNICAMSAPPEGPSIESLSAAEKEGIARMEKFMTDGFAYAMEHSTRPSTIGHVLSSSPIALLAWIGEKYLQWVDKPLPSETILEMVSLYWLTESFPRAIHTYRETTPTASAPNGATMLQKELYIHKPFGFSFFPKDLCPVPRSWIATTGNLVFFRDHAEGGHFAALERPRELKTDLTAFVEQVWQK,26
L215F/R219D/T317C/T318F,MSAPFAKFPSSASISPNPFTVSIPDEQLDDLKTLVRLSKIAPPTYESLQADGRFGITSEWLTTMREKWLSEFDWRPFEARLNSFPQFTTEIEGLTIHFAALFSEREDAVPIALLHGWPGSFVEFYPILQLFREEYTPETLPFHLVVPSLPGYTFSSGPPLDKDFGLMDNARVVDQLMKDLGFGSGYIIQGGDIGSFVGRLLGVGFDACKAVHLNFCAMDAPPEGPSIESLSAAEKEGIARMEKFMTDGLAYAMEHSTRPSTIGHVLSSSPIALLAWIGEKYLQWVDKPLPSETILEMVSLYWLTESFPRAIHTYRECFPTASAPNGATMLQKELYIHKPFGFSFFPKDLCPVPRSWIATTGNLVFFRDHAEGGHFAALERPRELKTDLTAFVEQVWQK,44
L215F/R219D/L349V/C350H,MSAPFAKFPSSASISPNPFTVSIPDEQLDDLKTLVRLSKIAPPTYESLQADGRFGITSEWLTTMREKWLSEFDWRPFEARLNSFPQFTTEIEGLTIHFAALFSEREDAVPIALLHGWPGSFVEFYPILQLFREEYTPETLPFHLVVPSLPGYTFSSGPPLDKDFGLMDNARVVDQLMKDLGFGSGYIIQGGDIGSFVGRLLGVGFDACKAVHLNFCAMDAPPEGPSIESLSAAEKEGIARMEKFMTDGLAYAMEHSTRPSTIGHVLSSSPIALLAWIGEKYLQWVDKPLPSETILEMVSLYWLTESFPRAIHTYRETTPTASAPNGATMLQKELYIHKPFGFSFFPKDVHPVPRSWIATTGNLVFFRDHAEGGHFAALERPRELKTDLTAFVEQVWQK,22
L215F/R219V/T317F/T318S,MSAPFAKFPSSASISPNPFTVSIPDEQLDDLKTLVRLSKIAPPTYESLQADGRFGITSEWLTTMREKWLSEFDWRPFEARLNSFPQFTTEIEGLTIHFAALFSEREDAVPIALLHGWPGSFVEFYPILQLFREEYTPETLPFHLVVPSLPGYTFSSGPPLDKDFGLMDNARVVDQLMKDLGFGSGYIIQGGDIGSFVGRLLGVGFDACKAVHLNFCAMVAPPEGPSIESLSAAEKEGIARMEKFMTDGLAYAMEHSTRPSTIGHVLSSSPIALLAWIGEKYLQWVDKPLPSETILEMVSLYWLTESFPRAIHTYREFSPTASAPNGATMLQKELYIHKPFGFSFFPKDLCPVPRSWIATTGNLVFFRDHAEGGHFAALERPRELKTDLTAFVEQVWQK,36
L249V/T317F/T318S/C350S,MSAPFAKFPSSASISPNPFTVSIPDEQLDDLKTLVRLSKIAPPTYESLQADGRFGITSEWLTTMREKWLSEFDWRPFEARLNSFPQFTTEIEGLTIHFAALFSEREDAVPIALLHGWPGSFVEFYPILQLFREEYTPETLPFHLVVPSLPGYTFSSGPPLDKDFGLMDNARVVDQLMKDLGFGSGYIIQGGDIGSFVGRLLGVGFDACKAVHLNLCAMRAPPEGPSIESLSAAEKEGIARMEKFMTDGVAYAMEHSTRPSTIGHVLSSSPIALLAWIGEKYLQWVDKPLPSETILEMVSLYWLTESFPRAIHTYREFSPTASAPNGATMLQKELYIHKPFGFSFFPKDLSPVPRSWIATTGNLVFFRDHAEGGHFAALERPRELKTDLTAFVEQVWQK,27
L215F/R219C/T317F/T318S/C350V,MSAPFAKFPSSASISPNPFTVSIPDEQLDDLKTLVRLSKIAPPTYESLQADGRFGITSEWLTTMREKWLSEFDWRPFEARLNSFPQFTTEIEGLTIHFAALFSEREDAVPIALLHGWPGSFVEFYPILQLFREEYTPETLPFHLVVPSLPGYTFSSGPPLDKDFGLMDNARVVDQLMKDLGFGSGYIIQGGDIGSFVGRLLGVGFDACKAVHLNFCAMCAPPEGPSIESLSAAEKEGIARMEKFMTDGLAYAMEHSTRPSTIGHVLSSSPIALLAWIGEKYLQWVDKPLPSETILEMVSLYWLTESFPRAIHTYREFSPTASAPNGATMLQKELYIHKPFGFSFFPKDLVPVPRSWIATTGNLVFFRDHAEGGHFAALERPRELKTDLTAFVEQVWQK,32
L215F/R219V/L249F/T317V/T318D,MSAPFAKFPSSASISPNPFTVSIPDEQLDDLKTLVRLSKIAPPTYESLQADGRFGITSEWLTTMREKWLSEFDWRPFEARLNSFPQFTTEIEGLTIHFAALFSEREDAVPIALLHGWPGSFVEFYPILQLFREEYTPETLPFHLVVPSLPGYTFSSGPPLDKDFGLMDNARVVDQLMKDLGFGSGYIIQGGDIGSFVGRLLGVGFDACKAVHLNFCAMVAPPEGPSIESLSAAEKEGIARMEKFMTDGFAYAMEHSTRPSTIGHVLSSSPIALLAWIGEKYLQWVDKPLPSETILEMVSLYWLTESFPRAIHTYREVDPTASAPNGATMLQKELYIHKPFGFSFFPKDLCPVPRSWIATTGNLVFFRDHAEGGHFAALERPRELKTDLTAFVEQVWQK,67
L215F/R219L/L249F/L349V/C350H,MSAPFAKFPSSASISPNPFTVSIPDEQLDDLKTLVRLSKIAPPTYESLQADGRFGITSEWLTTMREKWLSEFDWRPFEARLNSFPQFTTEIEGLTIHFAALFSEREDAVPIALLHGWPGSFVEFYPILQLFREEYTPETLPFHLVVPSLPGYTFSSGPPLDKDFGLMDNARVVDQLMKDLGFGSGYIIQGGDIGSFVGRLLGVGFDACKAVHLNFCAMLAPPEGPSIESLSAAEKEGIARMEKFMTDGFAYAMEHSTRPSTIGHVLSSSPIALLAWIGEKYLQWVDKPLPSETILEMVSLYWLTESFPRAIHTYRETTPTASAPNGATMLQKELYIHKPFGFSFFPKDVHPVPRSWIATTGNLVFFRDHAEGGHFAALERPRELKTDLTAFVEQVWQK,40
L215F/R219Y/L249F/L349V/C350H,MSAPFAKFPSSASISPNPFTVSIPDEQLDDLKTLVRLSKIAPPTYESLQADGRFGITSEWLTTMREKWLSEFDWRPFEARLNSFPQFTTEIEGLTIHFAALFSEREDAVPIALLHGWPGSFVEFYPILQLFREEYTPETLPFHLVVPSLPGYTFSSGPPLDKDFGLMDNARVVDQLMKDLGFGSGYIIQGGDIGSFVGRLLGVGFDACKAVHLNFCAMYAPPEGPSIESLSAAEKEGIARMEKFMTDGFAYAMEHSTRPSTIGHVLSSSPIALLAWIGEKYLQWVDKPLPSETILEMVSLYWLTESFPRAIHTYRETTPTASAPNGATMLQKELYIHKPFGFSFFPKDVHPVPRSWIATTGNLVFFRDHAEGGHFAALERPRELKTDLTAFVEQVWQK,36
L215F/L249V/T317F/T318S/C350S,MSAPFAKFPSSASISPNPFTVSIPDEQLDDLKTLVRLSKIAPPTYESLQADGRFGITSEWLTTMREKWLSEFDWRPFEARLNSFPQFTTEIEGLTIHFAALFSEREDAVPIALLHGWPGSFVEFYPILQLFREEYTPETLPFHLVVPSLPGYTFSSGPPLDKDFGLMDNARVVDQLMKDLGFGSGYIIQGGDIGSFVGRLLGVGFDACKAVHLNFCAMRAPPEGPSIESLSAAEKEGIARMEKFMTDGVAYAMEHSTRPSTIGHVLSSSPIALLAWIGEKYLQWVDKPLPSETILEMVSLYWLTESFPRAIHTYREFSPTASAPNGATMLQKELYIHKPFGFSFFPKDLSPVPRSWIATTGNLVFFRDHAEGGHFAALERPRELKTDLTAFVEQVWQK,30
L215F/R219D/F244I/L249I/T317C/T318F,MSAPFAKFPSSASISPNPFTVSIPDEQLDDLKTLVRLSKIAPPTYESLQADGRFGITSEWLTTMREKWLSEFDWRPFEARLNSFPQFTTEIEGLTIHFAALFSEREDAVPIALLHGWPGSFVEFYPILQLFREEYTPETLPFHLVVPSLPGYTFSSGPPLDKDFGLMDNARVVDQLMKDLGFGSGYIIQGGDIGSFVGRLLGVGFDACKAVHLNFCAMDAPPEGPSIESLSAAEKEGIARMEKIMTDGIAYAMEHSTRPSTIGHVLSSSPIALLAWIGEKYLQWVDKPLPSETILEMVSLYWLTESFPRAIHTYRECFPTASAPNGATMLQKELYIHKPFGFSFFPKDLCPVPRSWIATTGNLVFFRDHAEGGHFAALERPRELKTDLTAFVEQVWQK,65
L215F/R219C/F244I/L249F/T317F/T318S,MSAPFAKFPSSASISPNPFTVSIPDEQLDDLKTLVRLSKIAPPTYESLQADGRFGITSEWLTTMREKWLSEFDWRPFEARLNSFPQFTTEIEGLTIHFAALFSEREDAVPIALLHGWPGSFVEFYPILQLFREEYTPETLPFHLVVPSLPGYTFSSGPPLDKDFGLMDNARVVDQLMKDLGFGSGYIIQGGDIGSFVGRLLGVGFDACKAVHLNFCAMCAPPEGPSIESLSAAEKEGIARMEKIMTDGFAYAMEHSTRPSTIGHVLSSSPIALLAWIGEKYLQWVDKPLPSETILEMVSLYWLTESFPRAIHTYREFSPTASAPNGATMLQKELYIHKPFGFSFFPKDLCPVPRSWIATTGNLVFFRDHAEGGHFAALERPRELKTDLTAFVEQVWQK,69
L215F/R219D/L249Y/T317F/T318V/C350V,MSAPFAKFPSSASISPNPFTVSIPDEQLDDLKTLVRLSKIAPPTYESLQADGRFGITSEWLTTMREKWLSEFDWRPFEARLNSFPQFTTEIEGLTIHFAALFSEREDAVPIALLHGWPGSFVEFYPILQLFREEYTPETLPFHLVVPSLPGYTFSSGPPLDKDFGLMDNARVVDQLMKDLGFGSGYIIQGGDIGSFVGRLLGVGFDACKAVHLNFCAMDAPPEGPSIESLSAAEKEGIARMEKFMTDGYAYAMEHSTRPSTIGHVLSSSPIALLAWIGEKYLQWVDKPLPSETILEMVSLYWLTESFPRAIHTYREFVPTASAPNGATMLQKELYIHKPFGFSFFPKDLVPVPRSWIATTGNLVFFRDHAEGGHFAALERPRELKTDLTAFVEQVWQK,40
L215F/R219V/L249F/T317V/T318V/C350V,MSAPFAKFPSSASISPNPFTVSIPDEQLDDLKTLVRLSKIAPPTYESLQADGRFGITSEWLTTMREKWLSEFDWRPFEARLNSFPQFTTEIEGLTIHFAALFSEREDAVPIALLHGWPGSFVEFYPILQLFREEYTPETLPFHLVVPSLPGYTFSSGPPLDKDFGLMDNARVVDQLMKDLGFGSGYIIQGGDIGSFVGRLLGVGFDACKAVHLNFCAMVAPPEGPSIESLSAAEKEGIARMEKFMTDGFAYAMEHSTRPSTIGHVLSSSPIALLAWIGEKYLQWVDKPLPSETILEMVSLYWLTESFPRAIHTYREVVPTASAPNGATMLQKELYIHKPFGFSFFPKDLVPVPRSWIATTGNLVFFRDHAEGGHFAALERPRELKTDLTAFVEQVWQK,100
L215F/R219D/L249F/T317C/T318F/C350V,MSAPFAKFPSSASISPNPFTVSIPDEQLDDLKTLVRLSKIAPPTYESLQADGRFGITSEWLTTMREKWLSEFDWRPFEARLNSFPQFTTEIEGLTIHFAALFSEREDAVPIALLHGWPGSFVEFYPILQLFREEYTPETLPFHLVVPSLPGYTFSSGPPLDKDFGLMDNARVVDQLMKDLGFGSGYIIQGGDIGSFVGRLLGVGFDACKAVHLNFCAMDAPPEGPSIESLSAAEKEGIARMEKFMTDGFAYAMEHSTRPSTIGHVLSSSPIALLAWIGEKYLQWVDKPLPSETILEMVSLYWLTESFPRAIHTYRECFPTASAPNGATMLQKELYIHKPFGFSFFPKDLVPVPRSWIATTGNLVFFRDHAEGGHFAALERPRELKTDLTAFVEQVWQK,38
L215F/R219D/F244I/L249I/T317C/T318F/C350I,MSAPFAKFPSSASISPNPFTVSIPDEQLDDLKTLVRLSKIAPPTYESLQADGRFGITSEWLTTMREKWLSEFDWRPFEARLNSFPQFTTEIEGLTIHFAALFSEREDAVPIALLHGWPGSFVEFYPILQLFREEYTPETLPFHLVVPSLPGYTFSSGPPLDKDFGLMDNARVVDQLMKDLGFGSGYIIQGGDIGSFVGRLLGVGFDACKAVHLNFCAMDAPPEGPSIESLSAAEKEGIARMEKIMTDGIAYAMEHSTRPSTIGHVLSSSPIALLAWIGEKYLQWVDKPLPSETILEMVSLYWLTESFPRAIHTYRECFPTASAPNGATMLQKELYIHKPFGFSFFPKDLIPVPRSWIATTGNLVFFRDHAEGGHFAALERPRELKTDLTAFVEQVWQK,63
L215F/R219L/L249F/T317F/T318C/L349V/C350H,MSAPFAKFPSSASISPNPFTVSIPDEQLDDLKTLVRLSKIAPPTYESLQADGRFGITSEWLTTMREKWLSEFDWRPFEARLNSFPQFTTEIEGLTIHFAALFSEREDAVPIALLHGWPGSFVEFYPILQLFREEYTPETLPFHLVVPSLPGYTFSSGPPLDKDFGLMDNARVVDQLMKDLGFGSGYIIQGGDIGSFVGRLLGVGFDACKAVHLNFCAMLAPPEGPSIESLSAAEKEGIARMEKFMTDGFAYAMEHSTRPSTIGHVLSSSPIALLAWIGEKYLQWVDKPLPSETILEMVSLYWLTESFPRAIHTYREFCPTASAPNGATMLQKELYIHKPFGFSFFPKDVHPVPRSWIATTGNLVFFRDHAEGGHFAALERPRELKTDLTAFVEQVWQK,101
L215F/R219L/L249F/T317F/T318G/L349V/C350H,MSAPFAKFPSSASISPNPFTVSIPDEQLDDLKTLVRLSKIAPPTYESLQADGRFGITSEWLTTMREKWLSEFDWRPFEARLNSFPQFTTEIEGLTIHFAALFSEREDAVPIALLHGWPGSFVEFYPILQLFREEYTPETLPFHLVVPSLPGYTFSSGPPLDKDFGLMDNARVVDQLMKDLGFGSGYIIQGGDIGSFVGRLLGVGFDACKAVHLNFCAMLAPPEGPSIESLSAAEKEGIARMEKFMTDGFAYAMEHSTRPSTIGHVLSSSPIALLAWIGEKYLQWVDKPLPSETILEMVSLYWLTESFPRAIHTYREFGPTASAPNGATMLQKELYIHKPFGFSFFPKDVHPVPRSWIATTGNLVFFRDHAEGGHFAALERPRELKTDLTAFVEQVWQK,84
L215F/R219D/L249F/T317C/T318F/L349V/C350H,MSAPFAKFPSSASISPNPFTVSIPDEQLDDLKTLVRLSKIAPPTYESLQADGRFGITSEWLTTMREKWLSEFDWRPFEARLNSFPQFTTEIEGLTIHFAALFSEREDAVPIALLHGWPGSFVEFYPILQLFREEYTPETLPFHLVVPSLPGYTFSSGPPLDKDFGLMDNARVVDQLMKDLGFGSGYIIQGGDIGSFVGRLLGVGFDACKAVHLNFCAMDAPPEGPSIESLSAAEKEGIARMEKFMTDGFAYAMEHSTRPSTIGHVLSSSPIALLAWIGEKYLQWVDKPLPSETILEMVSLYWLTESFPRAIHTYRECFPTASAPNGATMLQKELYIHKPFGFSFFPKDVHPVPRSWIATTGNLVFFRDHAEGGHFAALERPRELKTDLTAFVEQVWQK,56
L215F/R219D/L249F/T317I/T318F/L349V/C350H,MSAPFAKFPSSASISPNPFTVSIPDEQLDDLKTLVRLSKIAPPTYESLQADGRFGITSEWLTTMREKWLSEFDWRPFEARLNSFPQFTTEIEGLTIHFAALFSEREDAVPIALLHGWPGSFVEFYPILQLFREEYTPETLPFHLVVPSLPGYTFSSGPPLDKDFGLMDNARVVDQLMKDLGFGSGYIIQGGDIGSFVGRLLGVGFDACKAVHLNFCAMDAPPEGPSIESLSAAEKEGIARMEKFMTDGFAYAMEHSTRPSTIGHVLSSSPIALLAWIGEKYLQWVDKPLPSETILEMVSLYWLTESFPRAIHTYREIFPTASAPNGATMLQKELYIHKPFGFSFFPKDVHPVPRSWIATTGNLVFFRDHAEGGHFAALERPRELKTDLTAFVEQVWQK,103
L215F/R219D/L249Y/T317F/T318S/L349V/C350H,MSAPFAKFPSSASISPNPFTVSIPDEQLDDLKTLVRLSKIAPPTYESLQADGRFGITSEWLTTMREKWLSEFDWRPFEARLNSFPQFTTEIEGLTIHFAALFSEREDAVPIALLHGWPGSFVEFYPILQLFREEYTPETLPFHLVVPSLPGYTFSSGPPLDKDFGLMDNARVVDQLMKDLGFGSGYIIQGGDIGSFVGRLLGVGFDACKAVHLNFCAMDAPPEGPSIESLSAAEKEGIARMEKFMTDGYAYAMEHSTRPSTIGHVLSSSPIALLAWIGEKYLQWVDKPLPSETILEMVSLYWLTESFPRAIHTYREFSPTASAPNGATMLQKELYIHKPFGFSFFPKDVHPVPRSWIATTGNLVFFRDHAEGGHFAALERPRELKTDLTAFVEQVWQK,63
L215F/R219C/F244V/L249F/T317F/T318S/C350V,MSAPFAKFPSSASISPNPFTVSIPDEQLDDLKTLVRLSKIAPPTYESLQADGRFGITSEWLTTMREKWLSEFDWRPFEARLNSFPQFTTEIEGLTIHFAALFSEREDAVPIALLHGWPGSFVEFYPILQLFREEYTPETLPFHLVVPSLPGYTFSSGPPLDKDFGLMDNARVVDQLMKDLGFGSGYIIQGGDIGSFVGRLLGVGFDACKAVHLNFCAMCAPPEGPSIESLSAAEKEGIARMEKVMTDGFAYAMEHSTRPSTIGHVLSSSPIALLAWIGEKYLQWVDKPLPSETILEMVSLYWLTESFPRAIHTYREFSPTASAPNGATMLQKELYIHKPFGFSFFPKDLVPVPRSWIATTGNLVFFRDHAEGGHFAALERPRELKTDLTAFVEQVWQK,97
L215F/R219D/F244I/L249I/T317C/T318F/L349V/C350H,MSAPFAKFPSSASISPNPFTVSIPDEQLDDLKTLVRLSKIAPPTYESLQADGRFGITSEWLTTMREKWLSEFDWRPFEARLNSFPQFTTEIEGLTIHFAALFSEREDAVPIALLHGWPGSFVEFYPILQLFREEYTPETLPFHLVVPSLPGYTFSSGPPLDKDFGLMDNARVVDQLMKDLGFGSGYIIQGGDIGSFVGRLLGVGFDACKAVHLNFCAMDAPPEGPSIESLSAAEKEGIARMEKIMTDGIAYAMEHSTRPSTIGHVLSSSPIALLAWIGEKYLQWVDKPLPSETILEMVSLYWLTESFPRAIHTYRECFPTASAPNGATMLQKELYIHKPFGFSFFPKDVHPVPRSWIATTGNLVFFRDHAEGGHFAALERPRELKTDLTAFVEQVWQK,95
L215F/R219D/F244V/L249I/T317C/T318F/L349V/C350H,MSAPFAKFPSSASISPNPFTVSIPDEQLDDLKTLVRLSKIAPPTYESLQADGRFGITSEWLTTMREKWLSEFDWRPFEARLNSFPQFTTEIEGLTIHFAALFSEREDAVPIALLHGWPGSFVEFYPILQLFREEYTPETLPFHLVVPSLPGYTFSSGPPLDKDFGLMDNARVVDQLMKDLGFGSGYIIQGGDIGSFVGRLLGVGFDACKAVHLNFCAMDAPPEGPSIESLSAAEKEGIARMEKVMTDGIAYAMEHSTRPSTIGHVLSSSPIALLAWIGEKYLQWVDKPLPSETILEMVSLYWLTESFPRAIHTYRECFPTASAPNGATMLQKELYIHKPFGFSFFPKDVHPVPRSWIATTGNLVFFRDHAEGGHFAALERPRELKTDLTAFVEQVWQK,79
L215L/R219R/F244F/L249L/T317T/T318T/L349L/C350C,MSAPFAKFPSSASISPNPFTVSIPDEQLDDLKTLVRLSKIAPPTYESLQADGRFGITSEWLTTMREKWLSEFDWRPFEARLNSFPQFTTEIEGLTIHFAALFSEREDAVPIALLHGWPGSFVEFYPILQLFREEYTPETLPFHLVVPSLPGYTFSSGPPLDKDFGLMDNARVVDQLMKDLGFGSGYIIQGGDIGSFVGRLLGVGFDACKAVHLNLCAMRAPPEGPSIESLSAAEKEGIARMEKFMTDGLAYAMEHSTRPSTIGHVLSSSPIALLAWIGEKYLQWVDKPLPSETILEMVSLYWLTESFPRAIHTYRETTPTASAPNGATMLQKELYIHKPFGFSFFPKDLCPVPRSWIATTGNLVFFRDHAEGGHFAALERPRELKTDLTAFVEQVWQK,5
