Sequence ID,Sequence,fitness
32233232,KQASAIPQPKTYGPLKNLPHLEKEQLSQSLWRIADELGPIFRFDFPGVSSVFVSGHNLVAEVCDEERFDKSIEGALEKVRAFSGDGLATSWTHEPNWRKAHNILMPTFSQRAMKDYHEKMVDIAVQLIQKWARLNPNEAVDVPGDMTRLTLDTIGLCGFNYRFNSYYRDSQHPFITSMLRALKEAMNQSKRLGLQDKMMVKTKLQFQKDIEVMNSLVDRMIAERKANPDENIKDLLSLMLYAKDPVTGETLDDENIRYQIITFLIAGHETTSGLLSFATYFLLKHPDKLKKAYEEVDRVLTDAAPTYKQVLELTYIRMILNESLRLWPTAPAFSLYAKEDTVLGGEYPISKGQPVTVLIPKLHRDQNAWGPDAEDFRPERFEDPSSIPHHAYKPFGNGQRACIGMQFALHEATLVLGMILKYFTLIDHENYELDIKQTLTLKPGDFHISVQSRHQEAIHADVQAAE,39.8
32312322,KQASAIPQPKTYGPLKNLPHLEKEQLSQSLWRIADELGPIFRFDFPGVSSVFVSGHNLVAEVCDEERFDKSIEGALEKVRAFSGDGLATSWTHEPNWRKAHNILMPTFSQRAMKDYHEKMVDIATQLIQKWSRLNPNEEIDVADDMTRLTLDTIGLCGFNYRFNSFRDQPHPFITSMVRALDEAMNKLQRANPDDPAYDENKRQFQEDIKVMNDLVVDSIIAERRANGDQDEKDLLARMLNVEDPETGEKLDDENIRFQIITFLIAGHETTSGLLSFAIYCLLTHPEKLKKAQEEADRVLTDDTPEYKQIQQLKYIRMVLNETLRLYPTAPAFSLYPKEDTVIGGKFPITTNDRISVLIPQLHRDRDAWGKDAEEFRPERFEHQDQVPHHAYKPFGNGQRACIGMQFALHEATLVLGMILKYFTLIDHENYELDIKQTLTLKPGDFHISVQSRHQEAIHADVQAAE,49.1
32212231,KQASAIPQPKTYGPLKNLPHLEKEQLSQSLWRIADELGPIFRFDFPGVSSVFVSGHNLVAEVCDEERFDKSIEGALEKVRAFSGDGLATSWTHEPNWRKAHNILMPTFSQRAMKDYHEKMVDIAVQLIQKWARLNPNEAVDVPGDMTRLTLDTIGLCGFNYRFNSYRDQPHPFITSMVRALDEAMNKLQRANPDDPAYDENKRQFQEDIKVMNDLVVDSIIAERRANGDQDEKDLLARMLNVEDPETGEKLDDENIRFQIITFLIAGHETTSGLLSFATYFLLKHPDKLKKAYEEVDRVLTDAAPTYKQVLELTYIRMILNESLRLWPTAPAFSLYAKEDTVLGGEYPISKGQPVTVLIPKLHRDQNAWGPDAEDFRPERFEDPSSIPHHAYKPFGNGQRACIGFALHEATLVLGMMLKHFDFEDHTNYELDIKETLTLKPEGFVVKAKSKKIPLGGIPSPST,47.4
23213333,KETSPIPQPKTFGPLGNLPLIDKDKPTLSLIKLAEEQGPIFQIHTPAGTTIVVSGHELVKEVCDEKRFDKNLGKGLQKVREFGGDGLATSWTHEPNWQKAHRILLPSFSQKAMKGYHSMMLDIAVQLIQKWARLNPNEAVDVPGDMTRLTLDTIGLCGFNYRFNSYRDQPHPFITSMVRALDEAMNKLQRANPDDPAYDENKRQFQEDIKVMNDLVVDRMIAERKANPDENIKDLLSLMLYAKDPVTGETLDDENIRYQIITFLIAGHETTSGLLSFAIYCLLTHPEKLKKAQEEADRVLTDDTPEYKQIQQLKYIRMVLNETLRLYPTAPAFSLYAKEDTVLGGEYPISKGQPVTVLIPKLHRDQNAWGPDAEDFRPERFEDPSSIPHHAYKPFGNGQRACIGMQFALQEATMVLGLVLKHFELINHTGYELKIKEALTIKPDDFKITVKPRKTAAINVQRKEQA,56.1
32313233,KQASAIPQPKTYGPLKNLPHLEKEQLSQSLWRIADELGPIFRFDFPGVSSVFVSGHNLVAEVCDEERFDKSIEGALEKVRAFSGDGLATSWTHEPNWRKAHNILMPTFSQRAMKDYHEKMVDIATQLIQKWSRLNPNEEIDVADDMTRLTLDTIGLCGFNYRFNSFRDQPHPFITSMVRALDEAMNKLQRANPDDPAYDENKRQFQEDIKVMNDLVVDRMIAERKANPDENIKDLLSLMLYAKDPVTGETLDDENIRYQIITFLIAGHETTSGLLSFATYFLLKHPDKLKKAYEEVDRVLTDAAPTYKQVLELTYIRMILNESLRLWPTAPAFSLYAKEDTVLGGEYPISKGQPVTVLIPKLHRDQNAWGPDAEDFRPERFEDPSSIPHHAYKPFGNGQRACIGMQFALQEATMVLGLVLKHFELINHTGYELKIKEALTIKPDDFKITVKPRKTAAINVQRKEQA,52.9
32312231,KQASAIPQPKTYGPLKNLPHLEKEQLSQSLWRIADELGPIFRFDFPGVSSVFVSGHNLVAEVCDEERFDKSIEGALEKVRAFSGDGLATSWTHEPNWRKAHNILMPTFSQRAMKDYHEKMVDIATQLIQKWSRLNPNEEIDVADDMTRLTLDTIGLCGFNYRFNSFRDQPHPFITSMVRALDEAMNKLQRANPDDPAYDENKRQFQEDIKVMNDLVVDSIIAERRANGDQDEKDLLARMLNVEDPETGEKLDDENIRFQIITFLIAGHETTSGLLSFATYFLLKHPDKLKKAYEEVDRVLTDAAPTYKQVLELTYIRMILNESLRLWPTAPAFSLYAKEDTVLGGEYPISKGQPVTVLIPKLHRDQNAWGPDAEDFRPERFEDPSSIPHHAYKPFGNGQRACIGFALHEATLVLGMMLKHFDFEDHTNYELDIKETLTLKPEGFVVKAKSKKIPLGGIPSPST,52.6
23212212,KETSPIPQPKTFGPLGNLPLIDKDKPTLSLIKLAEEQGPIFQIHTPAGTTIVVSGHELVKEVCDEKRFDKNLGKGLQKVREFGGDGLATSWTHEPNWQKAHRILLPSFSQKAMKGYHSMMLDIAVQLIQKWARLNPNEAVDVPGDMTRLTLDTIGLCGFNYRFNSYRDQPHPFITSMVRALDEAMNKLQRANPDDPAYDENKRQFQEDIKVMNDLVVDSIIAERRANGDQDEKDLLARMLNVEDPETGEKLDDENIRFQIITFLIAGHETTSGLLSFATYFLLKHPDKLKKAYEEVDRVLTDAAPTYKQVLELTYIRMILNESLRLWPPAFSLYAKEDTVLGGEYPLEKGDELMVLIPQLHRDKTIWGDDVEEFRPERFENPSAIPQHAFKPFGNGQRACIGQQMQFALHEATLVLGMILKYFTLIDHENYELDIKQTLTLKPGDFHISVQSRHQEAIHADVQAAE,48.0
21333233,KETSPIPQPKTFGPLGNLPLIDKDKPTLSLIKLAEEQGPIFQIHTPAGTTIVVSGHELVKEVCDSRFDKNLSQALKFVRDFAGDGLATSWTHEKNWKKAHNILLPSFSQQAMKGYHAMMVDIIATQLIQKWSRLNPNEEIDVADDMTRLTLDTIGLCGFNYRFNSFYRDSQHPFITSMLRALKEAMNQSKRLGLQDKMMVKTKLQFQKDIEVMNSLVDRMIAERKANPDENIKDLLSLMLYAKDPVTGETLDDENIRYQIITFLIAGHETTSGLLSFATYFLLKHPDKLKKAYEEVDRVLTDAAPTYKQVLELTYIRMILNESLRLWPTAPAFSLYAKEDTVLGGEYPISKGQPVTVLIPKLHRDQNAWGPDAEDFRPERFEDPSSIPHHAYKPFGNGQRACIGMQFALQEATMVLGLVLKHFELINHTGYELKIKEALTIKPDDFKITVKPRKTAAINVQRKEQA,54.2
21133233,KETSPIPQPKTFGPLGNLPLIDKDKPTLSLIKLAEEQGPIFQIHTPAGTTIVVSGHELVKEVCDSRFDKNLSQALKFVRDFAGDGLATSWTHEKNWKKAHNILLPSFSQQAMKGYHAMMVDIAVQLVQKWERLNADEHIEVPEDMTRLTLDTIGLCGFNYRFNSFYYRDSQHPFITSMLRALKEAMNQSKRLGLQDKMMVKTKLQFQKDIEVMNSLVDRMIAERKANPDENIKDLLSLMLYAKDPVTGETLDDENIRYQIITFLIAGHETTSGLLSFATYFLLKHPDKLKKAYEEVDRVLTDAAPTYKQVLELTYIRMILNESLRLWPTAPAFSLYAKEDTVLGGEYPISKGQPVTVLIPKLHRDQNAWGPDAEDFRPERFEDPSSIPHHAYKPFGNGQRACIGMQFALQEATMVLGLVLKHFELINHTGYELKIKEALTIKPDDFKITVKPRKTAAINVQRKEQA,48.8
21232332,KETSPIPQPKTFGPLGNLPLIDKDKPTLSLIKLAEEQGPIFQIHTPAGTTIVVSGHELVKEVCDSRFDKNLSQALKFVRDFAGDGLATSWTHEKNWKKAHNILLPSFSQQAMKGYHAMMVDIIAVQLIQKWARLNPNEAVDVPGDMTRLTLDTIGLCGFNYRFNSYYRDSQHPFITSMLRALKEAMNQSKRLGLQDKMMVKTKLQFQKDIEVMNSLVDSIIAERRANGDQDEKDLLARMLNVEDPETGEKLDDENIRFQIITFLIAGHETTSGLLSFAIYCLLTHPEKLKKAQEEADRVLTDDTPEYKQIQQLKYIRMVLNETLRLYPTAPAFSLYAKEDTVLGGEYPISKGQPVTVLIPKLHRDQNAWGPDAEDFRPERFEDPSSIPHHAYKPFGNGQRACIGMQFALHEATLVLGMILKYFTLIDHENYELDIKQTLTLKPGDFHISVQSRHQEAIHADVQAAE,49.3
22113223,KETSPIPQPKTFGPLGNLPLIDKDKPTLSLIKLAEEQGPIFQIHTPAGTTIVVSGHELVKEVCDEERFDKSIEGALEKVRAFSGDGLATSWTHEPNWRKAHNILMPTFSQRAMKDYHEKMVDAVQLVQKWERLNADEHIEVPEDMTRLTLDTIGLCGFNYRFNSFYRDQPHPFITSMVRALDEAMNKLQRANPDDPAYDENKRQFQEDIKVMNDLVVDRMIAERKANPDENIKDLLSLMLYAKDPVTGETLDDENIRYQIITFLIAGHETTSGLLSFATYFLLKHPDKLKKAYEEVDRVLTDAAPTYKQVLELTYIRMILNESLRLWPTAPAFSLYPKEDTVIGGKFPITTNDRISVLIPQLHRDRDAWGKDAEEFRPERFEHQDQVPHHAYKPFGNGQRACIGMQFALQEATMVLGLVLKHFELINHTGYELKIKEALTIKPDDFKITVKPRKTAAINVQRKEQA,49.9
22233212,KETSPIPQPKTFGPLGNLPLIDKDKPTLSLIKLAEEQGPIFQIHTPAGTTIVVSGHELVKEVCDEERFDKSIEGALEKVRAFSGDGLATSWTHEPNWRKAHNILMPTFSQRAMKDYHEKMVDIAVQLIQKWARLNPNEAVDVPGDMTRLTLDTIGLCGFNYRFNSYYRDSQHPFITSMLRALKEAMNQSKRLGLQDKMMVKTKLQFQKDIEVMNSLVDRMIAERKANPDENIKDLLSLMLYAKDPVTGETLDDENIRYQIITFLIAGHETTSGLLSFATYFLLKHPDKLKKAYEEVDRVLTDAAPTYKQVLELTYIRMILNESLRLWPPAFSLYAKEDTVLGGEYPLEKGDELMVLIPQLHRDKTIWGDDVEEFRPERFENPSAIPQHAFKPFGNGQRACIGQQMQFALHEATLVLGMILKYFTLIDHENYELDIKQTLTLKPGDFHISVQSRHQEAIHADVQAAE,44.0
31312113,KQASAIPQPKTYGPLKNLPHLEKEQLSQSLWRIADELGPIFRFDFPGVSSVFVSGHNLVAEVCDSRFDKNLSQALKFVRDFAGDGLATSWTHEKNWKKAHNILLPSFSQQAMKGYHAMMVDIIATQLIQKWSRLNPNEEIDVADDMTRLTLDTIGLCGFNYRFNSFRDQPHPFITSMVRALDEAMNKLQRANPDDPAYDENKRQFQEDIKVMNDLVVDSIIAERRANGDQDEKDLLARMLNVEDPETGEKLDDENIRFQIITFLIAGHTSGLLSFALYFLVKNPHVLQKAAEEAARVLVDPVPSYKQVKQLKYVGMVLNEALRLWPTAPAFSLYAKEDTVLGGEYPLEKGDELMVLIPQLHRDKTIWGDDVEEFRPERFENPSAIPQHAFKPFGNGQRACIGQQMQFALQEATMVLGLVLKHFELINHTGYELKIKEALTIKPDDFKITVKPRKTAAINVQRKEQA,45.0
31331331,KQASAIPQPKTYGPLKNLPHLEKEQLSQSLWRIADELGPIFRFDFPGVSSVFVSGHNLVAEVCDSRFDKNLSQALKFVRDFAGDGLATSWTHEKNWKKAHNILLPSFSQQAMKGYHAMMVDIIATQLIQKWSRLNPNEEIDVADDMTRLTLDTIGLCGFNYRFNSFYRDSQHPFITSMLRALKEAMNQSKRLGLQDKMMVKTKLQFQKDIEVMNSLDKIIADRKASGEQSDDLLTHMLNGKDPETGEPLDDENIRYQIITFLIAGHETETTSGLLSFAIYCLLTHPEKLKKAQEEADRVLTDDTPEYKQIQQLKYIRMVLNETLRLYPTAPAFSLYAKEDTVLGGEYPISKGQPVTVLIPKLHRDQNAWGPDAEDFRPERFEDPSSIPHHAYKPFGNGQRACIGFALHEATLVLGMMLKHFDFEDHTNYELDIKETLTLKPEGFVVKAKSKKIPLGGIPSPST,47.3
22233211,KETSPIPQPKTFGPLGNLPLIDKDKPTLSLIKLAEEQGPIFQIHTPAGTTIVVSGHELVKEVCDEERFDKSIEGALEKVRAFSGDGLATSWTHEPNWRKAHNILMPTFSQRAMKDYHEKMVDIAVQLIQKWARLNPNEAVDVPGDMTRLTLDTIGLCGFNYRFNSYYRDSQHPFITSMLRALKEAMNQSKRLGLQDKMMVKTKLQFQKDIEVMNSLVDRMIAERKANPDENIKDLLSLMLYAKDPVTGETLDDENIRYQIITFLIAGHETTSGLLSFATYFLLKHPDKLKKAYEEVDRVLTDAAPTYKQVLELTYIRMILNESLRLWPPAFSLYAKEDTVLGGEYPLEKGDELMVLIPQLHRDKTIWGDDVEEFRPERFENPSAIPQHAFKPFGNGQRACIGQQFALHEATLVLGMMLKHFDFEDHTNYELDIKETLTLKPEGFVVKAKSKKIPLGGIPSPST,46.3
21313112,KETSPIPQPKTFGPLGNLPLIDKDKPTLSLIKLAEEQGPIFQIHTPAGTTIVVSGHELVKEVCDSRFDKNLSQALKFVRDFAGDGLATSWTHEKNWKKAHNILLPSFSQQAMKGYHAMMVDIIATQLIQKWSRLNPNEEIDVADDMTRLTLDTIGLCGFNYRFNSFRDQPHPFITSMVRALDEAMNKLQRANPDDPAYDENKRQFQEDIKVMNDLVVDRMIAERKANPDENIKDLLSLMLYAKDPVTGETLDDENIRYQIITFLIAGHTSGLLSFALYFLVKNPHVLQKAAEEAARVLVDPVPSYKQVKQLKYVGMVLNEALRLWPTAPAFSLYAKEDTVLGGEYPLEKGDELMVLIPQLHRDKTIWGDDVEEFRPERFENPSAIPQHAFKPFGNGQRACIGQQMQFALHEATLVLGMILKYFTLIDHENYELDIKQTLTLKPGDFHISVQSRHQEAIHADVQAAE,54.8
21332223,KETSPIPQPKTFGPLGNLPLIDKDKPTLSLIKLAEEQGPIFQIHTPAGTTIVVSGHELVKEVCDSRFDKNLSQALKFVRDFAGDGLATSWTHEKNWKKAHNILLPSFSQQAMKGYHAMMVDIIATQLIQKWSRLNPNEEIDVADDMTRLTLDTIGLCGFNYRFNSFYRDSQHPFITSMLRALKEAMNQSKRLGLQDKMMVKTKLQFQKDIEVMNSLVDSIIAERRANGDQDEKDLLARMLNVEDPETGEKLDDENIRFQIITFLIAGHETTSGLLSFATYFLLKHPDKLKKAYEEVDRVLTDAAPTYKQVLELTYIRMILNESLRLWPTAPAFSLYPKEDTVIGGKFPITTNDRISVLIPQLHRDRDAWGKDAEEFRPERFEHQDQVPHHAYKPFGNGQRACIGMQFALQEATMVLGLVLKHFELINHTGYELKIKEALTIKPDDFKITVKPRKTAAINVQRKEQA,48.3
21132222,KETSPIPQPKTFGPLGNLPLIDKDKPTLSLIKLAEEQGPIFQIHTPAGTTIVVSGHELVKEVCDSRFDKNLSQALKFVRDFAGDGLATSWTHEKNWKKAHNILLPSFSQQAMKGYHAMMVDIAVQLVQKWERLNADEHIEVPEDMTRLTLDTIGLCGFNYRFNSFYYRDSQHPFITSMLRALKEAMNQSKRLGLQDKMMVKTKLQFQKDIEVMNSLVDSIIAERRANGDQDEKDLLARMLNVEDPETGEKLDDENIRFQIITFLIAGHETTSGLLSFATYFLLKHPDKLKKAYEEVDRVLTDAAPTYKQVLELTYIRMILNESLRLWPTAPAFSLYPKEDTVIGGKFPITTNDRISVLIPQLHRDRDAWGKDAEEFRPERFEHQDQVPHHAYKPFGNGQRACIGMQFALHEATLVLGMILKYFTLIDHENYELDIKQTLTLKPGDFHISVQSRHQEAIHADVQAAE,45.6
23213311,KETSPIPQPKTFGPLGNLPLIDKDKPTLSLIKLAEEQGPIFQIHTPAGTTIVVSGHELVKEVCDEKRFDKNLGKGLQKVREFGGDGLATSWTHEPNWQKAHRILLPSFSQKAMKGYHSMMLDIAVQLIQKWARLNPNEAVDVPGDMTRLTLDTIGLCGFNYRFNSYRDQPHPFITSMVRALDEAMNKLQRANPDDPAYDENKRQFQEDIKVMNDLVVDRMIAERKANPDENIKDLLSLMLYAKDPVTGETLDDENIRYQIITFLIAGHETTSGLLSFAIYCLLTHPEKLKKAQEEADRVLTDDTPEYKQIQQLKYIRMVLNETLRLYPPAFSLYAKEDTVLGGEYPLEKGDELMVLIPQLHRDKTIWGDDVEEFRPERFENPSAIPQHAFKPFGNGQRACIGQQFALHEATLVLGMMLKHFDFEDHTNYELDIKETLTLKPEGFVVKAKSKKIPLGGIPSPST,49.5
31213233,KQASAIPQPKTYGPLKNLPHLEKEQLSQSLWRIADELGPIFRFDFPGVSSVFVSGHNLVAEVCDSRFDKNLSQALKFVRDFAGDGLATSWTHEKNWKKAHNILLPSFSQQAMKGYHAMMVDIIAVQLIQKWARLNPNEAVDVPGDMTRLTLDTIGLCGFNYRFNSYRDQPHPFITSMVRALDEAMNKLQRANPDDPAYDENKRQFQEDIKVMNDLVVDRMIAERKANPDENIKDLLSLMLYAKDPVTGETLDDENIRYQIITFLIAGHETTSGLLSFATYFLLKHPDKLKKAYEEVDRVLTDAAPTYKQVLELTYIRMILNESLRLWPTAPAFSLYAKEDTVLGGEYPISKGQPVTVLIPKLHRDQNAWGPDAEDFRPERFEDPSSIPHHAYKPFGNGQRACIGMQFALQEATMVLGLVLKHFELINHTGYELKIKEALTIKPDDFKITVKPRKTAAINVQRKEQA,50.6
21312323,KETSPIPQPKTFGPLGNLPLIDKDKPTLSLIKLAEEQGPIFQIHTPAGTTIVVSGHELVKEVCDSRFDKNLSQALKFVRDFAGDGLATSWTHEKNWKKAHNILLPSFSQQAMKGYHAMMVDIIATQLIQKWSRLNPNEEIDVADDMTRLTLDTIGLCGFNYRFNSFRDQPHPFITSMVRALDEAMNKLQRANPDDPAYDENKRQFQEDIKVMNDLVVDSIIAERRANGDQDEKDLLARMLNVEDPETGEKLDDENIRFQIITFLIAGHETTSGLLSFAIYCLLTHPEKLKKAQEEADRVLTDDTPEYKQIQQLKYIRMVLNETLRLYPTAPAFSLYPKEDTVIGGKFPITTNDRISVLIPQLHRDRDAWGKDAEEFRPERFEHQDQVPHHAYKPFGNGQRACIGMQFALQEATMVLGLVLKHFELINHTGYELKIKEALTIKPDDFKITVKPRKTAAINVQRKEQA,61.5
21212333,KETSPIPQPKTFGPLGNLPLIDKDKPTLSLIKLAEEQGPIFQIHTPAGTTIVVSGHELVKEVCDSRFDKNLSQALKFVRDFAGDGLATSWTHEKNWKKAHNILLPSFSQQAMKGYHAMMVDIIAVQLIQKWARLNPNEAVDVPGDMTRLTLDTIGLCGFNYRFNSYRDQPHPFITSMVRALDEAMNKLQRANPDDPAYDENKRQFQEDIKVMNDLVVDSIIAERRANGDQDEKDLLARMLNVEDPETGEKLDDENIRFQIITFLIAGHETTSGLLSFAIYCLLTHPEKLKKAQEEADRVLTDDTPEYKQIQQLKYIRMVLNETLRLYPTAPAFSLYAKEDTVLGGEYPISKGQPVTVLIPKLHRDQNAWGPDAEDFRPERFEDPSSIPHHAYKPFGNGQRACIGMQFALQEATMVLGLVLKHFELINHTGYELKIKEALTIKPDDFKITVKPRKTAAINVQRKEQA,63.2
31212321,KQASAIPQPKTYGPLKNLPHLEKEQLSQSLWRIADELGPIFRFDFPGVSSVFVSGHNLVAEVCDSRFDKNLSQALKFVRDFAGDGLATSWTHEKNWKKAHNILLPSFSQQAMKGYHAMMVDIIAVQLIQKWARLNPNEAVDVPGDMTRLTLDTIGLCGFNYRFNSYRDQPHPFITSMVRALDEAMNKLQRANPDDPAYDENKRQFQEDIKVMNDLVVDSIIAERRANGDQDEKDLLARMLNVEDPETGEKLDDENIRFQIITFLIAGHETTSGLLSFAIYCLLTHPEKLKKAQEEADRVLTDDTPEYKQIQQLKYIRMVLNETLRLYPTAPAFSLYPKEDTVIGGKFPITTNDRISVLIPQLHRDRDAWGKDAEEFRPERFEHQDQVPHHAYKPFGNGQRACIGFALHEATLVLGMMLKHFDFEDHTNYELDIKETLTLKPEGFVVKAKSKKIPLGGIPSPST,44.9
22132113,KETSPIPQPKTFGPLGNLPLIDKDKPTLSLIKLAEEQGPIFQIHTPAGTTIVVSGHELVKEVCDEERFDKSIEGALEKVRAFSGDGLATSWTHEPNWRKAHNILMPTFSQRAMKDYHEKMVDAVQLVQKWERLNADEHIEVPEDMTRLTLDTIGLCGFNYRFNSFYYRDSQHPFITSMLRALKEAMNQSKRLGLQDKMMVKTKLQFQKDIEVMNSLVDSIIAERRANGDQDEKDLLARMLNVEDPETGEKLDDENIRFQIITFLIAGHTSGLLSFALYFLVKNPHVLQKAAEEAARVLVDPVPSYKQVKQLKYVGMVLNEALRLWPTAPAFSLYAKEDTVLGGEYPLEKGDELMVLIPQLHRDKTIWGDDVEEFRPERFENPSAIPQHAFKPFGNGQRACIGQQMQFALQEATMVLGLVLKHFELINHTGYELKIKEALTIKPDDFKITVKPRKTAAINVQRKEQA,40.6
22312322,KETSPIPQPKTFGPLGNLPLIDKDKPTLSLIKLAEEQGPIFQIHTPAGTTIVVSGHELVKEVCDEERFDKSIEGALEKVRAFSGDGLATSWTHEPNWRKAHNILMPTFSQRAMKDYHEKMVDIATQLIQKWSRLNPNEEIDVADDMTRLTLDTIGLCGFNYRFNSFRDQPHPFITSMVRALDEAMNKLQRANPDDPAYDENKRQFQEDIKVMNDLVVDSIIAERRANGDQDEKDLLARMLNVEDPETGEKLDDENIRFQIITFLIAGHETTSGLLSFAIYCLLTHPEKLKKAQEEADRVLTDDTPEYKQIQQLKYIRMVLNETLRLYPTAPAFSLYPKEDTVIGGKFPITTNDRISVLIPQLHRDRDAWGKDAEEFRPERFEHQDQVPHHAYKPFGNGQRACIGMQFALHEATLVLGMILKYFTLIDHENYELDIKQTLTLKPGDFHISVQSRHQEAIHADVQAAE,54.6
21231233,KETSPIPQPKTFGPLGNLPLIDKDKPTLSLIKLAEEQGPIFQIHTPAGTTIVVSGHELVKEVCDSRFDKNLSQALKFVRDFAGDGLATSWTHEKNWKKAHNILLPSFSQQAMKGYHAMMVDIIAVQLIQKWARLNPNEAVDVPGDMTRLTLDTIGLCGFNYRFNSYYRDSQHPFITSMLRALKEAMNQSKRLGLQDKMMVKTKLQFQKDIEVMNSLDKIIADRKASGEQSDDLLTHMLNGKDPETGEPLDDENIRYQIITFLIAGHETETTSGLLSFATYFLLKHPDKLKKAYEEVDRVLTDAAPTYKQVLELTYIRMILNESLRLWPTAPAFSLYAKEDTVLGGEYPISKGQPVTVLIPKLHRDQNAWGPDAEDFRPERFEDPSSIPHHAYKPFGNGQRACIGMQFALQEATMVLGLVLKHFELINHTGYELKIKEALTIKPDDFKITVKPRKTAAINVQRKEQA,50.6
23112233,KETSPIPQPKTFGPLGNLPLIDKDKPTLSLIKLAEEQGPIFQIHTPAGTTIVVSGHELVKEVCDEKRFDKNLGKGLQKVREFGGDGLATSWTHEPNWQKAHRILLPSFSQKAMKGYHSMMLDAVQLVQKWERLNADEHIEVPEDMTRLTLDTIGLCGFNYRFNSFYRDQPHPFITSMVRALDEAMNKLQRANPDDPAYDENKRQFQEDIKVMNDLVVDSIIAERRANGDQDEKDLLARMLNVEDPETGEKLDDENIRFQIITFLIAGHETTSGLLSFATYFLLKHPDKLKKAYEEVDRVLTDAAPTYKQVLELTYIRMILNESLRLWPTAPAFSLYAKEDTVLGGEYPISKGQPVTVLIPKLHRDQNAWGPDAEDFRPERFEDPSSIPHHAYKPFGNGQRACIGMQFALQEATMVLGLVLKHFELINHTGYELKIKEALTIKPDDFKITVKPRKTAAINVQRKEQA,51.0
31112333,KQASAIPQPKTYGPLKNLPHLEKEQLSQSLWRIADELGPIFRFDFPGVSSVFVSGHNLVAEVCDSRFDKNLSQALKFVRDFAGDGLATSWTHEKNWKKAHNILLPSFSQQAMKGYHAMMVDIAVQLVQKWERLNADEHIEVPEDMTRLTLDTIGLCGFNYRFNSFYRDQPHPFITSMVRALDEAMNKLQRANPDDPAYDENKRQFQEDIKVMNDLVVDSIIAERRANGDQDEKDLLARMLNVEDPETGEKLDDENIRFQIITFLIAGHETTSGLLSFAIYCLLTHPEKLKKAQEEADRVLTDDTPEYKQIQQLKYIRMVLNETLRLYPTAPAFSLYAKEDTVLGGEYPISKGQPVTVLIPKLHRDQNAWGPDAEDFRPERFEDPSSIPHHAYKPFGNGQRACIGMQFALQEATMVLGLVLKHFELINHTGYELKIKEALTIKPDDFKITVKPRKTAAINVQRKEQA,55.7
21212112,KETSPIPQPKTFGPLGNLPLIDKDKPTLSLIKLAEEQGPIFQIHTPAGTTIVVSGHELVKEVCDSRFDKNLSQALKFVRDFAGDGLATSWTHEKNWKKAHNILLPSFSQQAMKGYHAMMVDIIAVQLIQKWARLNPNEAVDVPGDMTRLTLDTIGLCGFNYRFNSYRDQPHPFITSMVRALDEAMNKLQRANPDDPAYDENKRQFQEDIKVMNDLVVDSIIAERRANGDQDEKDLLARMLNVEDPETGEKLDDENIRFQIITFLIAGHTSGLLSFALYFLVKNPHVLQKAAEEAARVLVDPVPSYKQVKQLKYVGMVLNEALRLWPTAPAFSLYAKEDTVLGGEYPLEKGDELMVLIPQLHRDKTIWGDDVEEFRPERFENPSAIPQHAFKPFGNGQRACIGQQMQFALHEATLVLGMILKYFTLIDHENYELDIKQTLTLKPGDFHISVQSRHQEAIHADVQAAE,51.2
22212322,KETSPIPQPKTFGPLGNLPLIDKDKPTLSLIKLAEEQGPIFQIHTPAGTTIVVSGHELVKEVCDEERFDKSIEGALEKVRAFSGDGLATSWTHEPNWRKAHNILMPTFSQRAMKDYHEKMVDIAVQLIQKWARLNPNEAVDVPGDMTRLTLDTIGLCGFNYRFNSYRDQPHPFITSMVRALDEAMNKLQRANPDDPAYDENKRQFQEDIKVMNDLVVDSIIAERRANGDQDEKDLLARMLNVEDPETGEKLDDENIRFQIITFLIAGHETTSGLLSFAIYCLLTHPEKLKKAQEEADRVLTDDTPEYKQIQQLKYIRMVLNETLRLYPTAPAFSLYPKEDTVIGGKFPITTNDRISVLIPQLHRDRDAWGKDAEEFRPERFEHQDQVPHHAYKPFGNGQRACIGMQFALHEATLVLGMILKYFTLIDHENYELDIKQTLTLKPGDFHISVQSRHQEAIHADVQAAE,50.7
32332323,KQASAIPQPKTYGPLKNLPHLEKEQLSQSLWRIADELGPIFRFDFPGVSSVFVSGHNLVAEVCDEERFDKSIEGALEKVRAFSGDGLATSWTHEPNWRKAHNILMPTFSQRAMKDYHEKMVDIATQLIQKWSRLNPNEEIDVADDMTRLTLDTIGLCGFNYRFNSFYRDSQHPFITSMLRALKEAMNQSKRLGLQDKMMVKTKLQFQKDIEVMNSLVDSIIAERRANGDQDEKDLLARMLNVEDPETGEKLDDENIRFQIITFLIAGHETTSGLLSFAIYCLLTHPEKLKKAQEEADRVLTDDTPEYKQIQQLKYIRMVLNETLRLYPTAPAFSLYPKEDTVIGGKFPITTNDRISVLIPQLHRDRDAWGKDAEEFRPERFEHQDQVPHHAYKPFGNGQRACIGMQFALQEATMVLGLVLKHFELINHTGYELKIKEALTIKPDDFKITVKPRKTAAINVQRKEQA,48.5
31212331,KQASAIPQPKTYGPLKNLPHLEKEQLSQSLWRIADELGPIFRFDFPGVSSVFVSGHNLVAEVCDSRFDKNLSQALKFVRDFAGDGLATSWTHEKNWKKAHNILLPSFSQQAMKGYHAMMVDIIAVQLIQKWARLNPNEAVDVPGDMTRLTLDTIGLCGFNYRFNSYRDQPHPFITSMVRALDEAMNKLQRANPDDPAYDENKRQFQEDIKVMNDLVVDSIIAERRANGDQDEKDLLARMLNVEDPETGEKLDDENIRFQIITFLIAGHETTSGLLSFAIYCLLTHPEKLKKAQEEADRVLTDDTPEYKQIQQLKYIRMVLNETLRLYPTAPAFSLYAKEDTVLGGEYPISKGQPVTVLIPKLHRDQNAWGPDAEDFRPERFEDPSSIPHHAYKPFGNGQRACIGFALHEATLVLGMMLKHFDFEDHTNYELDIKETLTLKPEGFVVKAKSKKIPLGGIPSPST,51.8
23133121,KETSPIPQPKTFGPLGNLPLIDKDKPTLSLIKLAEEQGPIFQIHTPAGTTIVVSGHELVKEVCDEKRFDKNLGKGLQKVREFGGDGLATSWTHEPNWQKAHRILLPSFSQKAMKGYHSMMLDAVQLVQKWERLNADEHIEVPEDMTRLTLDTIGLCGFNYRFNSFYYRDSQHPFITSMLRALKEAMNQSKRLGLQDKMMVKTKLQFQKDIEVMNSLVDRMIAERKANPDENIKDLLSLMLYAKDPVTGETLDDENIRYQIITFLIAGHTSGLLSFALYFLVKNPHVLQKAAEEAARVLVDPVPSYKQVKQLKYVGMVLNEALRLWPTATAPAFSLYPKEDTVIGGKFPITTNDRISVLIPQLHRDRDAWGKDAEEFRPERFEHQDQVPHHAYKPFGNGQRACIGFALHEATLVLGMMLKHFDFEDHTNYELDIKETLTLKPEGFVVKAKSKKIPLGGIPSPST,47.3
21112122,KETSPIPQPKTFGPLGNLPLIDKDKPTLSLIKLAEEQGPIFQIHTPAGTTIVVSGHELVKEVCDSRFDKNLSQALKFVRDFAGDGLATSWTHEKNWKKAHNILLPSFSQQAMKGYHAMMVDIAVQLVQKWERLNADEHIEVPEDMTRLTLDTIGLCGFNYRFNSFYRDQPHPFITSMVRALDEAMNKLQRANPDDPAYDENKRQFQEDIKVMNDLVVDSIIAERRANGDQDEKDLLARMLNVEDPETGEKLDDENIRFQIITFLIAGHTSGLLSFALYFLVKNPHVLQKAAEEAARVLVDPVPSYKQVKQLKYVGMVLNEALRLWPTATAPAFSLYPKEDTVIGGKFPITTNDRISVLIPQLHRDRDAWGKDAEEFRPERFEHQDQVPHHAYKPFGNGQRACIGMQFALHEATLVLGMILKYFTLIDHENYELDIKQTLTLKPGDFHISVQSRHQEAIHADVQAAE,50.3
22112223,KETSPIPQPKTFGPLGNLPLIDKDKPTLSLIKLAEEQGPIFQIHTPAGTTIVVSGHELVKEVCDEERFDKSIEGALEKVRAFSGDGLATSWTHEPNWRKAHNILMPTFSQRAMKDYHEKMVDAVQLVQKWERLNADEHIEVPEDMTRLTLDTIGLCGFNYRFNSFYRDQPHPFITSMVRALDEAMNKLQRANPDDPAYDENKRQFQEDIKVMNDLVVDSIIAERRANGDQDEKDLLARMLNVEDPETGEKLDDENIRFQIITFLIAGHETTSGLLSFATYFLLKHPDKLKKAYEEVDRVLTDAAPTYKQVLELTYIRMILNESLRLWPTAPAFSLYPKEDTVIGGKFPITTNDRISVLIPQLHRDRDAWGKDAEEFRPERFEHQDQVPHHAYKPFGNGQRACIGMQFALQEATMVLGLVLKHFELINHTGYELKIKEALTIKPDDFKITVKPRKTAAINVQRKEQA,52.8
22232222,KETSPIPQPKTFGPLGNLPLIDKDKPTLSLIKLAEEQGPIFQIHTPAGTTIVVSGHELVKEVCDEERFDKSIEGALEKVRAFSGDGLATSWTHEPNWRKAHNILMPTFSQRAMKDYHEKMVDIAVQLIQKWARLNPNEAVDVPGDMTRLTLDTIGLCGFNYRFNSYYRDSQHPFITSMLRALKEAMNQSKRLGLQDKMMVKTKLQFQKDIEVMNSLVDSIIAERRANGDQDEKDLLARMLNVEDPETGEKLDDENIRFQIITFLIAGHETTSGLLSFATYFLLKHPDKLKKAYEEVDRVLTDAAPTYKQVLELTYIRMILNESLRLWPTAPAFSLYPKEDTVIGGKFPITTNDRISVLIPQLHRDRDAWGKDAEEFRPERFEHQDQVPHHAYKPFGNGQRACIGMQFALHEATLVLGMILKYFTLIDHENYELDIKQTLTLKPGDFHISVQSRHQEAIHADVQAAE,47.5
11312233,TIKEMPQPKTFGELKNLPLLNTDKPVQALMKIADELGEIFKFEAPGRVTRYLSSQRLIKEACDESRFDKNLSQALKFVRDFAGDGLATSWTHEKNWKKAHNILLPSFSQQAMKGYHAMMVDIIATQLIQKWSRLNPNEEIDVADDMTRLTLDTIGLCGFNYRFNSFRDQPHPFITSMVRALDEAMNKLQRANPDDPAYDENKRQFQEDIKVMNDLVVDSIIAERRANGDQDEKDLLARMLNVEDPETGEKLDDENIRFQIITFLIAGHETTSGLLSFATYFLLKHPDKLKKAYEEVDRVLTDAAPTYKQVLELTYIRMILNESLRLWPTAPAFSLYAKEDTVLGGEYPISKGQPVTVLIPKLHRDQNAWGPDAEDFRPERFEDPSSIPHHAYKPFGNGQRACIGMQFALQEATMVLGLVLKHFELINHTGYELKIKEALTIKPDDFKITVKPRKTAAINVQRKEQA,51.6
22111223,KETSPIPQPKTFGPLGNLPLIDKDKPTLSLIKLAEEQGPIFQIHTPAGTTIVVSGHELVKEVCDEERFDKSIEGALEKVRAFSGDGLATSWTHEPNWRKAHNILMPTFSQRAMKDYHEKMVDAVQLVQKWERLNADEHIEVPEDMTRLTLDTIGLCGFNYRFNSFYRDQPHPFITSMVRALDEAMNKLQRANPDDPAYDENKRQFQEDIKVMNDLVDKIIADRKASGEQSDDLLTHMLNGKDPETGEPLDDENIRYQIITFLIAGHETETTSGLLSFATYFLLKHPDKLKKAYEEVDRVLTDAAPTYKQVLELTYIRMILNESLRLWPTAPAFSLYPKEDTVIGGKFPITTNDRISVLIPQLHRDRDAWGKDAEEFRPERFEHQDQVPHHAYKPFGNGQRACIGMQFALQEATMVLGLVLKHFELINHTGYELKIKEALTIKPDDFKITVKPRKTAAINVQRKEQA,51.3
32313231,KQASAIPQPKTYGPLKNLPHLEKEQLSQSLWRIADELGPIFRFDFPGVSSVFVSGHNLVAEVCDEERFDKSIEGALEKVRAFSGDGLATSWTHEPNWRKAHNILMPTFSQRAMKDYHEKMVDIATQLIQKWSRLNPNEEIDVADDMTRLTLDTIGLCGFNYRFNSFRDQPHPFITSMVRALDEAMNKLQRANPDDPAYDENKRQFQEDIKVMNDLVVDRMIAERKANPDENIKDLLSLMLYAKDPVTGETLDDENIRYQIITFLIAGHETTSGLLSFATYFLLKHPDKLKKAYEEVDRVLTDAAPTYKQVLELTYIRMILNESLRLWPTAPAFSLYAKEDTVLGGEYPISKGQPVTVLIPKLHRDQNAWGPDAEDFRPERFEDPSSIPHHAYKPFGNGQRACIGFALHEATLVLGMMLKHFDFEDHTNYELDIKETLTLKPEGFVVKAKSKKIPLGGIPSPST,52.5
23332221,KETSPIPQPKTFGPLGNLPLIDKDKPTLSLIKLAEEQGPIFQIHTPAGTTIVVSGHELVKEVCDEKRFDKNLGKGLQKVREFGGDGLATSWTHEPNWQKAHRILLPSFSQKAMKGYHSMMLDIATQLIQKWSRLNPNEEIDVADDMTRLTLDTIGLCGFNYRFNSFYRDSQHPFITSMLRALKEAMNQSKRLGLQDKMMVKTKLQFQKDIEVMNSLVDSIIAERRANGDQDEKDLLARMLNVEDPETGEKLDDENIRFQIITFLIAGHETTSGLLSFATYFLLKHPDKLKKAYEEVDRVLTDAAPTYKQVLELTYIRMILNESLRLWPTAPAFSLYPKEDTVIGGKFPITTNDRISVLIPQLHRDRDAWGKDAEEFRPERFEHQDQVPHHAYKPFGNGQRACIGFALHEATLVLGMMLKHFDFEDHTNYELDIKETLTLKPEGFVVKAKSKKIPLGGIPSPST,46.4
21133312,KETSPIPQPKTFGPLGNLPLIDKDKPTLSLIKLAEEQGPIFQIHTPAGTTIVVSGHELVKEVCDSRFDKNLSQALKFVRDFAGDGLATSWTHEKNWKKAHNILLPSFSQQAMKGYHAMMVDIAVQLVQKWERLNADEHIEVPEDMTRLTLDTIGLCGFNYRFNSFYYRDSQHPFITSMLRALKEAMNQSKRLGLQDKMMVKTKLQFQKDIEVMNSLVDRMIAERKANPDENIKDLLSLMLYAKDPVTGETLDDENIRYQIITFLIAGHETTSGLLSFAIYCLLTHPEKLKKAQEEADRVLTDDTPEYKQIQQLKYIRMVLNETLRLYPPAFSLYAKEDTVLGGEYPLEKGDELMVLIPQLHRDKTIWGDDVEEFRPERFENPSAIPQHAFKPFGNGQRACIGQQMQFALHEATLVLGMILKYFTLIDHENYELDIKQTLTLKPGDFHISVQSRHQEAIHADVQAAE,45.4
23233212,KETSPIPQPKTFGPLGNLPLIDKDKPTLSLIKLAEEQGPIFQIHTPAGTTIVVSGHELVKEVCDEKRFDKNLGKGLQKVREFGGDGLATSWTHEPNWQKAHRILLPSFSQKAMKGYHSMMLDIAVQLIQKWARLNPNEAVDVPGDMTRLTLDTIGLCGFNYRFNSYYRDSQHPFITSMLRALKEAMNQSKRLGLQDKMMVKTKLQFQKDIEVMNSLVDRMIAERKANPDENIKDLLSLMLYAKDPVTGETLDDENIRYQIITFLIAGHETTSGLLSFATYFLLKHPDKLKKAYEEVDRVLTDAAPTYKQVLELTYIRMILNESLRLWPPAFSLYAKEDTVLGGEYPLEKGDELMVLIPQLHRDKTIWGDDVEEFRPERFENPSAIPQHAFKPFGNGQRACIGQQMQFALHEATLVLGMILKYFTLIDHENYELDIKQTLTLKPGDFHISVQSRHQEAIHADVQAAE,39.5
32132232,KQASAIPQPKTYGPLKNLPHLEKEQLSQSLWRIADELGPIFRFDFPGVSSVFVSGHNLVAEVCDEERFDKSIEGALEKVRAFSGDGLATSWTHEPNWRKAHNILMPTFSQRAMKDYHEKMVDAVQLVQKWERLNADEHIEVPEDMTRLTLDTIGLCGFNYRFNSFYYRDSQHPFITSMLRALKEAMNQSKRLGLQDKMMVKTKLQFQKDIEVMNSLVDSIIAERRANGDQDEKDLLARMLNVEDPETGEKLDDENIRFQIITFLIAGHETTSGLLSFATYFLLKHPDKLKKAYEEVDRVLTDAAPTYKQVLELTYIRMILNESLRLWPTAPAFSLYAKEDTVLGGEYPISKGQPVTVLIPKLHRDQNAWGPDAEDFRPERFEDPSSIPHHAYKPFGNGQRACIGMQFALHEATLVLGMILKYFTLIDHENYELDIKQTLTLKPGDFHISVQSRHQEAIHADVQAAE,42.5
21332131,KETSPIPQPKTFGPLGNLPLIDKDKPTLSLIKLAEEQGPIFQIHTPAGTTIVVSGHELVKEVCDSRFDKNLSQALKFVRDFAGDGLATSWTHEKNWKKAHNILLPSFSQQAMKGYHAMMVDIIATQLIQKWSRLNPNEEIDVADDMTRLTLDTIGLCGFNYRFNSFYRDSQHPFITSMLRALKEAMNQSKRLGLQDKMMVKTKLQFQKDIEVMNSLVDSIIAERRANGDQDEKDLLARMLNVEDPETGEKLDDENIRFQIITFLIAGHTSGLLSFALYFLVKNPHVLQKAAEEAARVLVDPVPSYKQVKQLKYVGMVLNEALRLWPTATAPAFSLYAKEDTVLGGEYPISKGQPVTVLIPKLHRDQNAWGPDAEDFRPERFEDPSSIPHHAYKPFGNGQRACIGFALHEATLVLGMMLKHFDFEDHTNYELDIKETLTLKPEGFVVKAKSKKIPLGGIPSPST,58.5
21133313,KETSPIPQPKTFGPLGNLPLIDKDKPTLSLIKLAEEQGPIFQIHTPAGTTIVVSGHELVKEVCDSRFDKNLSQALKFVRDFAGDGLATSWTHEKNWKKAHNILLPSFSQQAMKGYHAMMVDIAVQLVQKWERLNADEHIEVPEDMTRLTLDTIGLCGFNYRFNSFYYRDSQHPFITSMLRALKEAMNQSKRLGLQDKMMVKTKLQFQKDIEVMNSLVDRMIAERKANPDENIKDLLSLMLYAKDPVTGETLDDENIRYQIITFLIAGHETTSGLLSFAIYCLLTHPEKLKKAQEEADRVLTDDTPEYKQIQQLKYIRMVLNETLRLYPPAFSLYAKEDTVLGGEYPLEKGDELMVLIPQLHRDKTIWGDDVEEFRPERFENPSAIPQHAFKPFGNGQRACIGQQMQFALQEATMVLGLVLKHFELINHTGYELKIKEALTIKPDDFKITVKPRKTAAINVQRKEQA,50.8
31312212,KQASAIPQPKTYGPLKNLPHLEKEQLSQSLWRIADELGPIFRFDFPGVSSVFVSGHNLVAEVCDSRFDKNLSQALKFVRDFAGDGLATSWTHEKNWKKAHNILLPSFSQQAMKGYHAMMVDIIATQLIQKWSRLNPNEEIDVADDMTRLTLDTIGLCGFNYRFNSFRDQPHPFITSMVRALDEAMNKLQRANPDDPAYDENKRQFQEDIKVMNDLVVDSIIAERRANGDQDEKDLLARMLNVEDPETGEKLDDENIRFQIITFLIAGHETTSGLLSFATYFLLKHPDKLKKAYEEVDRVLTDAAPTYKQVLELTYIRMILNESLRLWPPAFSLYAKEDTVLGGEYPLEKGDELMVLIPQLHRDKTIWGDDVEEFRPERFENPSAIPQHAFKPFGNGQRACIGQQMQFALHEATLVLGMILKYFTLIDHENYELDIKQTLTLKPGDFHISVQSRHQEAIHADVQAAE,48.9
22232233,KETSPIPQPKTFGPLGNLPLIDKDKPTLSLIKLAEEQGPIFQIHTPAGTTIVVSGHELVKEVCDEERFDKSIEGALEKVRAFSGDGLATSWTHEPNWRKAHNILMPTFSQRAMKDYHEKMVDIAVQLIQKWARLNPNEAVDVPGDMTRLTLDTIGLCGFNYRFNSYYRDSQHPFITSMLRALKEAMNQSKRLGLQDKMMVKTKLQFQKDIEVMNSLVDSIIAERRANGDQDEKDLLARMLNVEDPETGEKLDDENIRFQIITFLIAGHETTSGLLSFATYFLLKHPDKLKKAYEEVDRVLTDAAPTYKQVLELTYIRMILNESLRLWPTAPAFSLYAKEDTVLGGEYPISKGQPVTVLIPKLHRDQNAWGPDAEDFRPERFEDPSSIPHHAYKPFGNGQRACIGMQFALQEATMVLGLVLKHFELINHTGYELKIKEALTIKPDDFKITVKPRKTAAINVQRKEQA,49.6
23231233,KETSPIPQPKTFGPLGNLPLIDKDKPTLSLIKLAEEQGPIFQIHTPAGTTIVVSGHELVKEVCDEKRFDKNLGKGLQKVREFGGDGLATSWTHEPNWQKAHRILLPSFSQKAMKGYHSMMLDIAVQLIQKWARLNPNEAVDVPGDMTRLTLDTIGLCGFNYRFNSYYRDSQHPFITSMLRALKEAMNQSKRLGLQDKMMVKTKLQFQKDIEVMNSLDKIIADRKASGEQSDDLLTHMLNGKDPETGEPLDDENIRYQIITFLIAGHETETTSGLLSFATYFLLKHPDKLKKAYEEVDRVLTDAAPTYKQVLELTYIRMILNESLRLWPTAPAFSLYAKEDTVLGGEYPISKGQPVTVLIPKLHRDQNAWGPDAEDFRPERFEDPSSIPHHAYKPFGNGQRACIGMQFALQEATMVLGLVLKHFELINHTGYELKIKEALTIKPDDFKITVKPRKTAAINVQRKEQA,45.5
11332233,TIKEMPQPKTFGELKNLPLLNTDKPVQALMKIADELGEIFKFEAPGRVTRYLSSQRLIKEACDESRFDKNLSQALKFVRDFAGDGLATSWTHEKNWKKAHNILLPSFSQQAMKGYHAMMVDIIATQLIQKWSRLNPNEEIDVADDMTRLTLDTIGLCGFNYRFNSFYRDSQHPFITSMLRALKEAMNQSKRLGLQDKMMVKTKLQFQKDIEVMNSLVDSIIAERRANGDQDEKDLLARMLNVEDPETGEKLDDENIRFQIITFLIAGHETTSGLLSFATYFLLKHPDKLKKAYEEVDRVLTDAAPTYKQVLELTYIRMILNESLRLWPTAPAFSLYAKEDTVLGGEYPISKGQPVTVLIPKLHRDQNAWGPDAEDFRPERFEDPSSIPHHAYKPFGNGQRACIGMQFALQEATMVLGLVLKHFELINHTGYELKIKEALTIKPDDFKITVKPRKTAAINVQRKEQA,43.3
32211323,KQASAIPQPKTYGPLKNLPHLEKEQLSQSLWRIADELGPIFRFDFPGVSSVFVSGHNLVAEVCDEERFDKSIEGALEKVRAFSGDGLATSWTHEPNWRKAHNILMPTFSQRAMKDYHEKMVDIAVQLIQKWARLNPNEAVDVPGDMTRLTLDTIGLCGFNYRFNSYRDQPHPFITSMVRALDEAMNKLQRANPDDPAYDENKRQFQEDIKVMNDLVDKIIADRKASGEQSDDLLTHMLNGKDPETGEPLDDENIRYQIITFLIAGHETETTSGLLSFAIYCLLTHPEKLKKAQEEADRVLTDDTPEYKQIQQLKYIRMVLNETLRLYPTAPAFSLYPKEDTVIGGKFPITTNDRISVLIPQLHRDRDAWGKDAEEFRPERFEHQDQVPHHAYKPFGNGQRACIGMQFALQEATMVLGLVLKHFELINHTGYELKIKEALTIKPDDFKITVKPRKTAAINVQRKEQA,46.6
22232322,KETSPIPQPKTFGPLGNLPLIDKDKPTLSLIKLAEEQGPIFQIHTPAGTTIVVSGHELVKEVCDEERFDKSIEGALEKVRAFSGDGLATSWTHEPNWRKAHNILMPTFSQRAMKDYHEKMVDIAVQLIQKWARLNPNEAVDVPGDMTRLTLDTIGLCGFNYRFNSYYRDSQHPFITSMLRALKEAMNQSKRLGLQDKMMVKTKLQFQKDIEVMNSLVDSIIAERRANGDQDEKDLLARMLNVEDPETGEKLDDENIRFQIITFLIAGHETTSGLLSFAIYCLLTHPEKLKKAQEEADRVLTDDTPEYKQIQQLKYIRMVLNETLRLYPTAPAFSLYPKEDTVIGGKFPITTNDRISVLIPQLHRDRDAWGKDAEEFRPERFEHQDQVPHHAYKPFGNGQRACIGMQFALHEATLVLGMILKYFTLIDHENYELDIKQTLTLKPGDFHISVQSRHQEAIHADVQAAE,45.4
22111332,KETSPIPQPKTFGPLGNLPLIDKDKPTLSLIKLAEEQGPIFQIHTPAGTTIVVSGHELVKEVCDEERFDKSIEGALEKVRAFSGDGLATSWTHEPNWRKAHNILMPTFSQRAMKDYHEKMVDAVQLVQKWERLNADEHIEVPEDMTRLTLDTIGLCGFNYRFNSFYRDQPHPFITSMVRALDEAMNKLQRANPDDPAYDENKRQFQEDIKVMNDLVDKIIADRKASGEQSDDLLTHMLNGKDPETGEPLDDENIRYQIITFLIAGHETETTSGLLSFAIYCLLTHPEKLKKAQEEADRVLTDDTPEYKQIQQLKYIRMVLNETLRLYPTAPAFSLYAKEDTVLGGEYPISKGQPVTVLIPKLHRDQNAWGPDAEDFRPERFEDPSSIPHHAYKPFGNGQRACIGMQFALHEATLVLGMILKYFTLIDHENYELDIKQTLTLKPGDFHISVQSRHQEAIHADVQAAE,50.9
31212332,KQASAIPQPKTYGPLKNLPHLEKEQLSQSLWRIADELGPIFRFDFPGVSSVFVSGHNLVAEVCDSRFDKNLSQALKFVRDFAGDGLATSWTHEKNWKKAHNILLPSFSQQAMKGYHAMMVDIIAVQLIQKWARLNPNEAVDVPGDMTRLTLDTIGLCGFNYRFNSYRDQPHPFITSMVRALDEAMNKLQRANPDDPAYDENKRQFQEDIKVMNDLVVDSIIAERRANGDQDEKDLLARMLNVEDPETGEKLDDENIRFQIITFLIAGHETTSGLLSFAIYCLLTHPEKLKKAQEEADRVLTDDTPEYKQIQQLKYIRMVLNETLRLYPTAPAFSLYAKEDTVLGGEYPISKGQPVTVLIPKLHRDQNAWGPDAEDFRPERFEDPSSIPHHAYKPFGNGQRACIGMQFALHEATLVLGMILKYFTLIDHENYELDIKQTLTLKPGDFHISVQSRHQEAIHADVQAAE,53.4
21213231,KETSPIPQPKTFGPLGNLPLIDKDKPTLSLIKLAEEQGPIFQIHTPAGTTIVVSGHELVKEVCDSRFDKNLSQALKFVRDFAGDGLATSWTHEKNWKKAHNILLPSFSQQAMKGYHAMMVDIIAVQLIQKWARLNPNEAVDVPGDMTRLTLDTIGLCGFNYRFNSYRDQPHPFITSMVRALDEAMNKLQRANPDDPAYDENKRQFQEDIKVMNDLVVDRMIAERKANPDENIKDLLSLMLYAKDPVTGETLDDENIRYQIITFLIAGHETTSGLLSFATYFLLKHPDKLKKAYEEVDRVLTDAAPTYKQVLELTYIRMILNESLRLWPTAPAFSLYAKEDTVLGGEYPISKGQPVTVLIPKLHRDQNAWGPDAEDFRPERFEDPSSIPHHAYKPFGNGQRACIGFALHEATLVLGMMLKHFDFEDHTNYELDIKETLTLKPEGFVVKAKSKKIPLGGIPSPST,54.9
22333211,KETSPIPQPKTFGPLGNLPLIDKDKPTLSLIKLAEEQGPIFQIHTPAGTTIVVSGHELVKEVCDEERFDKSIEGALEKVRAFSGDGLATSWTHEPNWRKAHNILMPTFSQRAMKDYHEKMVDIATQLIQKWSRLNPNEEIDVADDMTRLTLDTIGLCGFNYRFNSFYRDSQHPFITSMLRALKEAMNQSKRLGLQDKMMVKTKLQFQKDIEVMNSLVDRMIAERKANPDENIKDLLSLMLYAKDPVTGETLDDENIRYQIITFLIAGHETTSGLLSFATYFLLKHPDKLKKAYEEVDRVLTDAAPTYKQVLELTYIRMILNESLRLWPPAFSLYAKEDTVLGGEYPLEKGDELMVLIPQLHRDKTIWGDDVEEFRPERFENPSAIPQHAFKPFGNGQRACIGQQFALHEATLVLGMMLKHFDFEDHTNYELDIKETLTLKPEGFVVKAKSKKIPLGGIPSPST,50.7
23312121,KETSPIPQPKTFGPLGNLPLIDKDKPTLSLIKLAEEQGPIFQIHTPAGTTIVVSGHELVKEVCDEKRFDKNLGKGLQKVREFGGDGLATSWTHEPNWQKAHRILLPSFSQKAMKGYHSMMLDIATQLIQKWSRLNPNEEIDVADDMTRLTLDTIGLCGFNYRFNSFRDQPHPFITSMVRALDEAMNKLQRANPDDPAYDENKRQFQEDIKVMNDLVVDSIIAERRANGDQDEKDLLARMLNVEDPETGEKLDDENIRFQIITFLIAGHTSGLLSFALYFLVKNPHVLQKAAEEAARVLVDPVPSYKQVKQLKYVGMVLNEALRLWPTATAPAFSLYPKEDTVIGGKFPITTNDRISVLIPQLHRDRDAWGKDAEEFRPERFEHQDQVPHHAYKPFGNGQRACIGFALHEATLVLGMMLKHFDFEDHTNYELDIKETLTLKPEGFVVKAKSKKIPLGGIPSPST,49.3
12211232,TIKEMPQPKTFGELKNLPLLNTDKPVQALMKIADELGEIFKFEAPGRVTRYLSSQRLIKEACDEEERFDKSIEGALEKVRAFSGDGLATSWTHEPNWRKAHNILMPTFSQRAMKDYHEKMVDIAVQLIQKWARLNPNEAVDVPGDMTRLTLDTIGLCGFNYRFNSYRDQPHPFITSMVRALDEAMNKLQRANPDDPAYDENKRQFQEDIKVMNDLVDKIIADRKASGEQSDDLLTHMLNGKDPETGEPLDDENIRYQIITFLIAGHETETTSGLLSFATYFLLKHPDKLKKAYEEVDRVLTDAAPTYKQVLELTYIRMILNESLRLWPTAPAFSLYAKEDTVLGGEYPISKGQPVTVLIPKLHRDQNAWGPDAEDFRPERFEDPSSIPHHAYKPFGNGQRACIGMQFALHEATLVLGMILKYFTLIDHENYELDIKQTLTLKPGDFHISVQSRHQEAIHADVQAAE,49.1
21332312,KETSPIPQPKTFGPLGNLPLIDKDKPTLSLIKLAEEQGPIFQIHTPAGTTIVVSGHELVKEVCDSRFDKNLSQALKFVRDFAGDGLATSWTHEKNWKKAHNILLPSFSQQAMKGYHAMMVDIIATQLIQKWSRLNPNEEIDVADDMTRLTLDTIGLCGFNYRFNSFYRDSQHPFITSMLRALKEAMNQSKRLGLQDKMMVKTKLQFQKDIEVMNSLVDSIIAERRANGDQDEKDLLARMLNVEDPETGEKLDDENIRFQIITFLIAGHETTSGLLSFAIYCLLTHPEKLKKAQEEADRVLTDDTPEYKQIQQLKYIRMVLNETLRLYPPAFSLYAKEDTVLGGEYPLEKGDELMVLIPQLHRDKTIWGDDVEEFRPERFENPSAIPQHAFKPFGNGQRACIGQQMQFALHEATLVLGMILKYFTLIDHENYELDIKQTLTLKPGDFHISVQSRHQEAIHADVQAAE,52.9
22332223,KETSPIPQPKTFGPLGNLPLIDKDKPTLSLIKLAEEQGPIFQIHTPAGTTIVVSGHELVKEVCDEERFDKSIEGALEKVRAFSGDGLATSWTHEPNWRKAHNILMPTFSQRAMKDYHEKMVDIATQLIQKWSRLNPNEEIDVADDMTRLTLDTIGLCGFNYRFNSFYRDSQHPFITSMLRALKEAMNQSKRLGLQDKMMVKTKLQFQKDIEVMNSLVDSIIAERRANGDQDEKDLLARMLNVEDPETGEKLDDENIRFQIITFLIAGHETTSGLLSFATYFLLKHPDKLKKAYEEVDRVLTDAAPTYKQVLELTYIRMILNESLRLWPTAPAFSLYPKEDTVIGGKFPITTNDRISVLIPQLHRDRDAWGKDAEEFRPERFEHQDQVPHHAYKPFGNGQRACIGMQFALQEATMVLGLVLKHFELINHTGYELKIKEALTIKPDDFKITVKPRKTAAINVQRKEQA,52.4
22332222,KETSPIPQPKTFGPLGNLPLIDKDKPTLSLIKLAEEQGPIFQIHTPAGTTIVVSGHELVKEVCDEERFDKSIEGALEKVRAFSGDGLATSWTHEPNWRKAHNILMPTFSQRAMKDYHEKMVDIATQLIQKWSRLNPNEEIDVADDMTRLTLDTIGLCGFNYRFNSFYRDSQHPFITSMLRALKEAMNQSKRLGLQDKMMVKTKLQFQKDIEVMNSLVDSIIAERRANGDQDEKDLLARMLNVEDPETGEKLDDENIRFQIITFLIAGHETTSGLLSFATYFLLKHPDKLKKAYEEVDRVLTDAAPTYKQVLELTYIRMILNESLRLWPTAPAFSLYPKEDTVIGGKFPITTNDRISVLIPQLHRDRDAWGKDAEEFRPERFEHQDQVPHHAYKPFGNGQRACIGMQFALHEATLVLGMILKYFTLIDHENYELDIKQTLTLKPGDFHISVQSRHQEAIHADVQAAE,50.3
31312133,KQASAIPQPKTYGPLKNLPHLEKEQLSQSLWRIADELGPIFRFDFPGVSSVFVSGHNLVAEVCDSRFDKNLSQALKFVRDFAGDGLATSWTHEKNWKKAHNILLPSFSQQAMKGYHAMMVDIIATQLIQKWSRLNPNEEIDVADDMTRLTLDTIGLCGFNYRFNSFRDQPHPFITSMVRALDEAMNKLQRANPDDPAYDENKRQFQEDIKVMNDLVVDSIIAERRANGDQDEKDLLARMLNVEDPETGEKLDDENIRFQIITFLIAGHTSGLLSFALYFLVKNPHVLQKAAEEAARVLVDPVPSYKQVKQLKYVGMVLNEALRLWPTATAPAFSLYAKEDTVLGGEYPISKGQPVTVLIPKLHRDQNAWGPDAEDFRPERFEDPSSIPHHAYKPFGNGQRACIGMQFALQEATMVLGLVLKHFELINHTGYELKIKEALTIKPDDFKITVKPRKTAAINVQRKEQA,52.6
22332211,KETSPIPQPKTFGPLGNLPLIDKDKPTLSLIKLAEEQGPIFQIHTPAGTTIVVSGHELVKEVCDEERFDKSIEGALEKVRAFSGDGLATSWTHEPNWRKAHNILMPTFSQRAMKDYHEKMVDIATQLIQKWSRLNPNEEIDVADDMTRLTLDTIGLCGFNYRFNSFYRDSQHPFITSMLRALKEAMNQSKRLGLQDKMMVKTKLQFQKDIEVMNSLVDSIIAERRANGDQDEKDLLARMLNVEDPETGEKLDDENIRFQIITFLIAGHETTSGLLSFATYFLLKHPDKLKKAYEEVDRVLTDAAPTYKQVLELTYIRMILNESLRLWPPAFSLYAKEDTVLGGEYPLEKGDELMVLIPQLHRDKTIWGDDVEEFRPERFENPSAIPQHAFKPFGNGQRACIGQQFALHEATLVLGMMLKHFDFEDHTNYELDIKETLTLKPEGFVVKAKSKKIPLGGIPSPST,53.0
23213212,KETSPIPQPKTFGPLGNLPLIDKDKPTLSLIKLAEEQGPIFQIHTPAGTTIVVSGHELVKEVCDEKRFDKNLGKGLQKVREFGGDGLATSWTHEPNWQKAHRILLPSFSQKAMKGYHSMMLDIAVQLIQKWARLNPNEAVDVPGDMTRLTLDTIGLCGFNYRFNSYRDQPHPFITSMVRALDEAMNKLQRANPDDPAYDENKRQFQEDIKVMNDLVVDRMIAERKANPDENIKDLLSLMLYAKDPVTGETLDDENIRYQIITFLIAGHETTSGLLSFATYFLLKHPDKLKKAYEEVDRVLTDAAPTYKQVLELTYIRMILNESLRLWPPAFSLYAKEDTVLGGEYPLEKGDELMVLIPQLHRDKTIWGDDVEEFRPERFENPSAIPQHAFKPFGNGQRACIGQQMQFALHEATLVLGMILKYFTLIDHENYELDIKQTLTLKPGDFHISVQSRHQEAIHADVQAAE,49.0
23312323,KETSPIPQPKTFGPLGNLPLIDKDKPTLSLIKLAEEQGPIFQIHTPAGTTIVVSGHELVKEVCDEKRFDKNLGKGLQKVREFGGDGLATSWTHEPNWQKAHRILLPSFSQKAMKGYHSMMLDIATQLIQKWSRLNPNEEIDVADDMTRLTLDTIGLCGFNYRFNSFRDQPHPFITSMVRALDEAMNKLQRANPDDPAYDENKRQFQEDIKVMNDLVVDSIIAERRANGDQDEKDLLARMLNVEDPETGEKLDDENIRFQIITFLIAGHETTSGLLSFAIYCLLTHPEKLKKAQEEADRVLTDDTPEYKQIQQLKYIRMVLNETLRLYPTAPAFSLYPKEDTVIGGKFPITTNDRISVLIPQLHRDRDAWGKDAEEFRPERFEHQDQVPHHAYKPFGNGQRACIGMQFALQEATMVLGLVLKHFELINHTGYELKIKEALTIKPDDFKITVKPRKTAAINVQRKEQA,53.8
12232332,TIKEMPQPKTFGELKNLPLLNTDKPVQALMKIADELGEIFKFEAPGRVTRYLSSQRLIKEACDEEERFDKSIEGALEKVRAFSGDGLATSWTHEPNWRKAHNILMPTFSQRAMKDYHEKMVDIAVQLIQKWARLNPNEAVDVPGDMTRLTLDTIGLCGFNYRFNSYYRDSQHPFITSMLRALKEAMNQSKRLGLQDKMMVKTKLQFQKDIEVMNSLVDSIIAERRANGDQDEKDLLARMLNVEDPETGEKLDDENIRFQIITFLIAGHETTSGLLSFAIYCLLTHPEKLKKAQEEADRVLTDDTPEYKQIQQLKYIRMVLNETLRLYPTAPAFSLYAKEDTVLGGEYPISKGQPVTVLIPKLHRDQNAWGPDAEDFRPERFEDPSSIPHHAYKPFGNGQRACIGMQFALHEATLVLGMILKYFTLIDHENYELDIKQTLTLKPGDFHISVQSRHQEAIHADVQAAE,39.2
22113323,KETSPIPQPKTFGPLGNLPLIDKDKPTLSLIKLAEEQGPIFQIHTPAGTTIVVSGHELVKEVCDEERFDKSIEGALEKVRAFSGDGLATSWTHEPNWRKAHNILMPTFSQRAMKDYHEKMVDAVQLVQKWERLNADEHIEVPEDMTRLTLDTIGLCGFNYRFNSFYRDQPHPFITSMVRALDEAMNKLQRANPDDPAYDENKRQFQEDIKVMNDLVVDRMIAERKANPDENIKDLLSLMLYAKDPVTGETLDDENIRYQIITFLIAGHETTSGLLSFAIYCLLTHPEKLKKAQEEADRVLTDDTPEYKQIQQLKYIRMVLNETLRLYPTAPAFSLYPKEDTVIGGKFPITTNDRISVLIPQLHRDRDAWGKDAEEFRPERFEHQDQVPHHAYKPFGNGQRACIGMQFALQEATMVLGLVLKHFELINHTGYELKIKEALTIKPDDFKITVKPRKTAAINVQRKEQA,53.8
23333213,KETSPIPQPKTFGPLGNLPLIDKDKPTLSLIKLAEEQGPIFQIHTPAGTTIVVSGHELVKEVCDEKRFDKNLGKGLQKVREFGGDGLATSWTHEPNWQKAHRILLPSFSQKAMKGYHSMMLDIATQLIQKWSRLNPNEEIDVADDMTRLTLDTIGLCGFNYRFNSFYRDSQHPFITSMLRALKEAMNQSKRLGLQDKMMVKTKLQFQKDIEVMNSLVDRMIAERKANPDENIKDLLSLMLYAKDPVTGETLDDENIRYQIITFLIAGHETTSGLLSFATYFLLKHPDKLKKAYEEVDRVLTDAAPTYKQVLELTYIRMILNESLRLWPPAFSLYAKEDTVLGGEYPLEKGDELMVLIPQLHRDKTIWGDDVEEFRPERFENPSAIPQHAFKPFGNGQRACIGQQMQFALQEATMVLGLVLKHFELINHTGYELKIKEALTIKPDDFKITVKPRKTAAINVQRKEQA,50.1
21131121,KETSPIPQPKTFGPLGNLPLIDKDKPTLSLIKLAEEQGPIFQIHTPAGTTIVVSGHELVKEVCDSRFDKNLSQALKFVRDFAGDGLATSWTHEKNWKKAHNILLPSFSQQAMKGYHAMMVDIAVQLVQKWERLNADEHIEVPEDMTRLTLDTIGLCGFNYRFNSFYYRDSQHPFITSMLRALKEAMNQSKRLGLQDKMMVKTKLQFQKDIEVMNSLDKIIADRKASGEQSDDLLTHMLNGKDPETGEPLDDENIRYQIITFLIAGHETTSGLLSFALYFLVKNPHVLQKAAEEAARVLVDPVPSYKQVKQLKYVGMVLNEALRLWPTATAPAFSLYPKEDTVIGGKFPITTNDRISVLIPQLHRDRDAWGKDAEEFRPERFEHQDQVPHHAYKPFGNGQRACIGFALHEATLVLGMMLKHFDFEDHTNYELDIKETLTLKPEGFVVKAKSKKIPLGGIPSPST,53.0
22133232,KETSPIPQPKTFGPLGNLPLIDKDKPTLSLIKLAEEQGPIFQIHTPAGTTIVVSGHELVKEVCDEERFDKSIEGALEKVRAFSGDGLATSWTHEPNWRKAHNILMPTFSQRAMKDYHEKMVDAVQLVQKWERLNADEHIEVPEDMTRLTLDTIGLCGFNYRFNSFYYRDSQHPFITSMLRALKEAMNQSKRLGLQDKMMVKTKLQFQKDIEVMNSLVDRMIAERKANPDENIKDLLSLMLYAKDPVTGETLDDENIRYQIITFLIAGHETTSGLLSFATYFLLKHPDKLKKAYEEVDRVLTDAAPTYKQVLELTYIRMILNESLRLWPTAPAFSLYAKEDTVLGGEYPISKGQPVTVLIPKLHRDQNAWGPDAEDFRPERFEDPSSIPHHAYKPFGNGQRACIGMQFALHEATLVLGMILKYFTLIDHENYELDIKQTLTLKPGDFHISVQSRHQEAIHADVQAAE,47.9
22113332,KETSPIPQPKTFGPLGNLPLIDKDKPTLSLIKLAEEQGPIFQIHTPAGTTIVVSGHELVKEVCDEERFDKSIEGALEKVRAFSGDGLATSWTHEPNWRKAHNILMPTFSQRAMKDYHEKMVDAVQLVQKWERLNADEHIEVPEDMTRLTLDTIGLCGFNYRFNSFYRDQPHPFITSMVRALDEAMNKLQRANPDDPAYDENKRQFQEDIKVMNDLVVDRMIAERKANPDENIKDLLSLMLYAKDPVTGETLDDENIRYQIITFLIAGHETTSGLLSFAIYCLLTHPEKLKKAQEEADRVLTDDTPEYKQIQQLKYIRMVLNETLRLYPTAPAFSLYAKEDTVLGGEYPISKGQPVTVLIPKLHRDQNAWGPDAEDFRPERFEDPSSIPHHAYKPFGNGQRACIGMQFALHEATLVLGMILKYFTLIDHENYELDIKQTLTLKPGDFHISVQSRHQEAIHADVQAAE,48.7
31312233,KQASAIPQPKTYGPLKNLPHLEKEQLSQSLWRIADELGPIFRFDFPGVSSVFVSGHNLVAEVCDSRFDKNLSQALKFVRDFAGDGLATSWTHEKNWKKAHNILLPSFSQQAMKGYHAMMVDIIATQLIQKWSRLNPNEEIDVADDMTRLTLDTIGLCGFNYRFNSFRDQPHPFITSMVRALDEAMNKLQRANPDDPAYDENKRQFQEDIKVMNDLVVDSIIAERRANGDQDEKDLLARMLNVEDPETGEKLDDENIRFQIITFLIAGHETTSGLLSFATYFLLKHPDKLKKAYEEVDRVLTDAAPTYKQVLELTYIRMILNESLRLWPTAPAFSLYAKEDTVLGGEYPISKGQPVTVLIPKLHRDQNAWGPDAEDFRPERFEDPSSIPHHAYKPFGNGQRACIGMQFALQEATMVLGLVLKHFELINHTGYELKIKEALTIKPDDFKITVKPRKTAAINVQRKEQA,57.9
32212232,KQASAIPQPKTYGPLKNLPHLEKEQLSQSLWRIADELGPIFRFDFPGVSSVFVSGHNLVAEVCDEERFDKSIEGALEKVRAFSGDGLATSWTHEPNWRKAHNILMPTFSQRAMKDYHEKMVDIAVQLIQKWARLNPNEAVDVPGDMTRLTLDTIGLCGFNYRFNSYRDQPHPFITSMVRALDEAMNKLQRANPDDPAYDENKRQFQEDIKVMNDLVVDSIIAERRANGDQDEKDLLARMLNVEDPETGEKLDDENIRFQIITFLIAGHETTSGLLSFATYFLLKHPDKLKKAYEEVDRVLTDAAPTYKQVLELTYIRMILNESLRLWPTAPAFSLYAKEDTVLGGEYPISKGQPVTVLIPKLHRDQNAWGPDAEDFRPERFEDPSSIPHHAYKPFGNGQRACIGMQFALHEATLVLGMILKYFTLIDHENYELDIKQTLTLKPGDFHISVQSRHQEAIHADVQAAE,48.8
22233221,KETSPIPQPKTFGPLGNLPLIDKDKPTLSLIKLAEEQGPIFQIHTPAGTTIVVSGHELVKEVCDEERFDKSIEGALEKVRAFSGDGLATSWTHEPNWRKAHNILMPTFSQRAMKDYHEKMVDIAVQLIQKWARLNPNEAVDVPGDMTRLTLDTIGLCGFNYRFNSYYRDSQHPFITSMLRALKEAMNQSKRLGLQDKMMVKTKLQFQKDIEVMNSLVDRMIAERKANPDENIKDLLSLMLYAKDPVTGETLDDENIRYQIITFLIAGHETTSGLLSFATYFLLKHPDKLKKAYEEVDRVLTDAAPTYKQVLELTYIRMILNESLRLWPTAPAFSLYPKEDTVIGGKFPITTNDRISVLIPQLHRDRDAWGKDAEEFRPERFEHQDQVPHHAYKPFGNGQRACIGFALHEATLVLGMMLKHFDFEDHTNYELDIKETLTLKPEGFVVKAKSKKIPLGGIPSPST,46.8
22213132,KETSPIPQPKTFGPLGNLPLIDKDKPTLSLIKLAEEQGPIFQIHTPAGTTIVVSGHELVKEVCDEERFDKSIEGALEKVRAFSGDGLATSWTHEPNWRKAHNILMPTFSQRAMKDYHEKMVDIAVQLIQKWARLNPNEAVDVPGDMTRLTLDTIGLCGFNYRFNSYRDQPHPFITSMVRALDEAMNKLQRANPDDPAYDENKRQFQEDIKVMNDLVVDRMIAERKANPDENIKDLLSLMLYAKDPVTGETLDDENIRYQIITFLIAGHTSGLLSFALYFLVKNPHVLQKAAEEAARVLVDPVPSYKQVKQLKYVGMVLNEALRLWPTATAPAFSLYAKEDTVLGGEYPISKGQPVTVLIPKLHRDQNAWGPDAEDFRPERFEDPSSIPHHAYKPFGNGQRACIGMQFALHEATLVLGMILKYFTLIDHENYELDIKQTLTLKPGDFHISVQSRHQEAIHADVQAAE,52.0
22232333,KETSPIPQPKTFGPLGNLPLIDKDKPTLSLIKLAEEQGPIFQIHTPAGTTIVVSGHELVKEVCDEERFDKSIEGALEKVRAFSGDGLATSWTHEPNWRKAHNILMPTFSQRAMKDYHEKMVDIAVQLIQKWARLNPNEAVDVPGDMTRLTLDTIGLCGFNYRFNSYYRDSQHPFITSMLRALKEAMNQSKRLGLQDKMMVKTKLQFQKDIEVMNSLVDSIIAERRANGDQDEKDLLARMLNVEDPETGEKLDDENIRFQIITFLIAGHETTSGLLSFAIYCLLTHPEKLKKAQEEADRVLTDDTPEYKQIQQLKYIRMVLNETLRLYPTAPAFSLYAKEDTVLGGEYPISKGQPVTVLIPKLHRDQNAWGPDAEDFRPERFEDPSSIPHHAYKPFGNGQRACIGMQFALQEATMVLGLVLKHFELINHTGYELKIKEALTIKPDDFKITVKPRKTAAINVQRKEQA,53.7
22112323,KETSPIPQPKTFGPLGNLPLIDKDKPTLSLIKLAEEQGPIFQIHTPAGTTIVVSGHELVKEVCDEERFDKSIEGALEKVRAFSGDGLATSWTHEPNWRKAHNILMPTFSQRAMKDYHEKMVDAVQLVQKWERLNADEHIEVPEDMTRLTLDTIGLCGFNYRFNSFYRDQPHPFITSMVRALDEAMNKLQRANPDDPAYDENKRQFQEDIKVMNDLVVDSIIAERRANGDQDEKDLLARMLNVEDPETGEKLDDENIRFQIITFLIAGHETTSGLLSFAIYCLLTHPEKLKKAQEEADRVLTDDTPEYKQIQQLKYIRMVLNETLRLYPTAPAFSLYPKEDTVIGGKFPITTNDRISVLIPQLHRDRDAWGKDAEEFRPERFEHQDQVPHHAYKPFGNGQRACIGMQFALQEATMVLGLVLKHFELINHTGYELKIKEALTIKPDDFKITVKPRKTAAINVQRKEQA,55.3
23113323,KETSPIPQPKTFGPLGNLPLIDKDKPTLSLIKLAEEQGPIFQIHTPAGTTIVVSGHELVKEVCDEKRFDKNLGKGLQKVREFGGDGLATSWTHEPNWQKAHRILLPSFSQKAMKGYHSMMLDAVQLVQKWERLNADEHIEVPEDMTRLTLDTIGLCGFNYRFNSFYRDQPHPFITSMVRALDEAMNKLQRANPDDPAYDENKRQFQEDIKVMNDLVVDRMIAERKANPDENIKDLLSLMLYAKDPVTGETLDDENIRYQIITFLIAGHETTSGLLSFAIYCLLTHPEKLKKAQEEADRVLTDDTPEYKQIQQLKYIRMVLNETLRLYPTAPAFSLYPKEDTVIGGKFPITTNDRISVLIPQLHRDRDAWGKDAEEFRPERFEHQDQVPHHAYKPFGNGQRACIGMQFALQEATMVLGLVLKHFELINHTGYELKIKEALTIKPDDFKITVKPRKTAAINVQRKEQA,51.0
31213332,KQASAIPQPKTYGPLKNLPHLEKEQLSQSLWRIADELGPIFRFDFPGVSSVFVSGHNLVAEVCDSRFDKNLSQALKFVRDFAGDGLATSWTHEKNWKKAHNILLPSFSQQAMKGYHAMMVDIIAVQLIQKWARLNPNEAVDVPGDMTRLTLDTIGLCGFNYRFNSYRDQPHPFITSMVRALDEAMNKLQRANPDDPAYDENKRQFQEDIKVMNDLVVDRMIAERKANPDENIKDLLSLMLYAKDPVTGETLDDENIRYQIITFLIAGHETTSGLLSFAIYCLLTHPEKLKKAQEEADRVLTDDTPEYKQIQQLKYIRMVLNETLRLYPTAPAFSLYAKEDTVLGGEYPISKGQPVTVLIPKLHRDQNAWGPDAEDFRPERFEDPSSIPHHAYKPFGNGQRACIGMQFALHEATLVLGMILKYFTLIDHENYELDIKQTLTLKPGDFHISVQSRHQEAIHADVQAAE,50.8
31333233,KQASAIPQPKTYGPLKNLPHLEKEQLSQSLWRIADELGPIFRFDFPGVSSVFVSGHNLVAEVCDSRFDKNLSQALKFVRDFAGDGLATSWTHEKNWKKAHNILLPSFSQQAMKGYHAMMVDIIATQLIQKWSRLNPNEEIDVADDMTRLTLDTIGLCGFNYRFNSFYRDSQHPFITSMLRALKEAMNQSKRLGLQDKMMVKTKLQFQKDIEVMNSLVDRMIAERKANPDENIKDLLSLMLYAKDPVTGETLDDENIRYQIITFLIAGHETTSGLLSFATYFLLKHPDKLKKAYEEVDRVLTDAAPTYKQVLELTYIRMILNESLRLWPTAPAFSLYAKEDTVLGGEYPISKGQPVTVLIPKLHRDQNAWGPDAEDFRPERFEDPSSIPHHAYKPFGNGQRACIGMQFALQEATMVLGLVLKHFELINHTGYELKIKEALTIKPDDFKITVKPRKTAAINVQRKEQA,46.5
21232232,KETSPIPQPKTFGPLGNLPLIDKDKPTLSLIKLAEEQGPIFQIHTPAGTTIVVSGHELVKEVCDSRFDKNLSQALKFVRDFAGDGLATSWTHEKNWKKAHNILLPSFSQQAMKGYHAMMVDIIAVQLIQKWARLNPNEAVDVPGDMTRLTLDTIGLCGFNYRFNSYYRDSQHPFITSMLRALKEAMNQSKRLGLQDKMMVKTKLQFQKDIEVMNSLVDSIIAERRANGDQDEKDLLARMLNVEDPETGEKLDDENIRFQIITFLIAGHETTSGLLSFATYFLLKHPDKLKKAYEEVDRVLTDAAPTYKQVLELTYIRMILNESLRLWPTAPAFSLYAKEDTVLGGEYPISKGQPVTVLIPKLHRDQNAWGPDAEDFRPERFEDPSSIPHHAYKPFGNGQRACIGMQFALHEATLVLGMILKYFTLIDHENYELDIKQTLTLKPGDFHISVQSRHQEAIHADVQAAE,49.5
11332212,TIKEMPQPKTFGELKNLPLLNTDKPVQALMKIADELGEIFKFEAPGRVTRYLSSQRLIKEACDESRFDKNLSQALKFVRDFAGDGLATSWTHEKNWKKAHNILLPSFSQQAMKGYHAMMVDIIATQLIQKWSRLNPNEEIDVADDMTRLTLDTIGLCGFNYRFNSFYRDSQHPFITSMLRALKEAMNQSKRLGLQDKMMVKTKLQFQKDIEVMNSLVDSIIAERRANGDQDEKDLLARMLNVEDPETGEKLDDENIRFQIITFLIAGHETTSGLLSFATYFLLKHPDKLKKAYEEVDRVLTDAAPTYKQVLELTYIRMILNESLRLWPPAFSLYAKEDTVLGGEYPLEKGDELMVLIPQLHRDKTIWGDDVEEFRPERFENPSAIPQHAFKPFGNGQRACIGQQMQFALHEATLVLGMILKYFTLIDHENYELDIKQTLTLKPGDFHISVQSRHQEAIHADVQAAE,47.8
22113211,KETSPIPQPKTFGPLGNLPLIDKDKPTLSLIKLAEEQGPIFQIHTPAGTTIVVSGHELVKEVCDEERFDKSIEGALEKVRAFSGDGLATSWTHEPNWRKAHNILMPTFSQRAMKDYHEKMVDAVQLVQKWERLNADEHIEVPEDMTRLTLDTIGLCGFNYRFNSFYRDQPHPFITSMVRALDEAMNKLQRANPDDPAYDENKRQFQEDIKVMNDLVVDRMIAERKANPDENIKDLLSLMLYAKDPVTGETLDDENIRYQIITFLIAGHETTSGLLSFATYFLLKHPDKLKKAYEEVDRVLTDAAPTYKQVLELTYIRMILNESLRLWPPAFSLYAKEDTVLGGEYPLEKGDELMVLIPQLHRDKTIWGDDVEEFRPERFENPSAIPQHAFKPFGNGQRACIGQQFALHEATLVLGMMLKHFDFEDHTNYELDIKETLTLKPEGFVVKAKSKKIPLGGIPSPST,51.1
22213212,KETSPIPQPKTFGPLGNLPLIDKDKPTLSLIKLAEEQGPIFQIHTPAGTTIVVSGHELVKEVCDEERFDKSIEGALEKVRAFSGDGLATSWTHEPNWRKAHNILMPTFSQRAMKDYHEKMVDIAVQLIQKWARLNPNEAVDVPGDMTRLTLDTIGLCGFNYRFNSYRDQPHPFITSMVRALDEAMNKLQRANPDDPAYDENKRQFQEDIKVMNDLVVDRMIAERKANPDENIKDLLSLMLYAKDPVTGETLDDENIRYQIITFLIAGHETTSGLLSFATYFLLKHPDKLKKAYEEVDRVLTDAAPTYKQVLELTYIRMILNESLRLWPPAFSLYAKEDTVLGGEYPLEKGDELMVLIPQLHRDKTIWGDDVEEFRPERFENPSAIPQHAFKPFGNGQRACIGQQMQFALHEATLVLGMILKYFTLIDHENYELDIKQTLTLKPGDFHISVQSRHQEAIHADVQAAE,50.5
11212333,TIKEMPQPKTFGELKNLPLLNTDKPVQALMKIADELGEIFKFEAPGRVTRYLSSQRLIKEACDESRFDKNLSQALKFVRDFAGDGLATSWTHEKNWKKAHNILLPSFSQQAMKGYHAMMVDIIAVQLIQKWARLNPNEAVDVPGDMTRLTLDTIGLCGFNYRFNSYRDQPHPFITSMVRALDEAMNKLQRANPDDPAYDENKRQFQEDIKVMNDLVVDSIIAERRANGDQDEKDLLARMLNVEDPETGEKLDDENIRFQIITFLIAGHETTSGLLSFAIYCLLTHPEKLKKAQEEADRVLTDDTPEYKQIQQLKYIRMVLNETLRLYPTAPAFSLYAKEDTVLGGEYPISKGQPVTVLIPKLHRDQNAWGPDAEDFRPERFEDPSSIPHHAYKPFGNGQRACIGMQFALQEATMVLGLVLKHFELINHTGYELKIKEALTIKPDDFKITVKPRKTAAINVQRKEQA,50.4
32332231,KQASAIPQPKTYGPLKNLPHLEKEQLSQSLWRIADELGPIFRFDFPGVSSVFVSGHNLVAEVCDEERFDKSIEGALEKVRAFSGDGLATSWTHEPNWRKAHNILMPTFSQRAMKDYHEKMVDIATQLIQKWSRLNPNEEIDVADDMTRLTLDTIGLCGFNYRFNSFYRDSQHPFITSMLRALKEAMNQSKRLGLQDKMMVKTKLQFQKDIEVMNSLVDSIIAERRANGDQDEKDLLARMLNVEDPETGEKLDDENIRFQIITFLIAGHETTSGLLSFATYFLLKHPDKLKKAYEEVDRVLTDAAPTYKQVLELTYIRMILNESLRLWPTAPAFSLYAKEDTVLGGEYPISKGQPVTVLIPKLHRDQNAWGPDAEDFRPERFEDPSSIPHHAYKPFGNGQRACIGFALHEATLVLGMMLKHFDFEDHTNYELDIKETLTLKPEGFVVKAKSKKIPLGGIPSPST,49.4
22313323,KETSPIPQPKTFGPLGNLPLIDKDKPTLSLIKLAEEQGPIFQIHTPAGTTIVVSGHELVKEVCDEERFDKSIEGALEKVRAFSGDGLATSWTHEPNWRKAHNILMPTFSQRAMKDYHEKMVDIATQLIQKWSRLNPNEEIDVADDMTRLTLDTIGLCGFNYRFNSFRDQPHPFITSMVRALDEAMNKLQRANPDDPAYDENKRQFQEDIKVMNDLVVDRMIAERKANPDENIKDLLSLMLYAKDPVTGETLDDENIRYQIITFLIAGHETTSGLLSFAIYCLLTHPEKLKKAQEEADRVLTDDTPEYKQIQQLKYIRMVLNETLRLYPTAPAFSLYPKEDTVIGGKFPITTNDRISVLIPQLHRDRDAWGKDAEEFRPERFEHQDQVPHHAYKPFGNGQRACIGMQFALQEATMVLGLVLKHFELINHTGYELKIKEALTIKPDDFKITVKPRKTAAINVQRKEQA,60.0
22132212,KETSPIPQPKTFGPLGNLPLIDKDKPTLSLIKLAEEQGPIFQIHTPAGTTIVVSGHELVKEVCDEERFDKSIEGALEKVRAFSGDGLATSWTHEPNWRKAHNILMPTFSQRAMKDYHEKMVDAVQLVQKWERLNADEHIEVPEDMTRLTLDTIGLCGFNYRFNSFYYRDSQHPFITSMLRALKEAMNQSKRLGLQDKMMVKTKLQFQKDIEVMNSLVDSIIAERRANGDQDEKDLLARMLNVEDPETGEKLDDENIRFQIITFLIAGHETTSGLLSFATYFLLKHPDKLKKAYEEVDRVLTDAAPTYKQVLELTYIRMILNESLRLWPPAFSLYAKEDTVLGGEYPLEKGDELMVLIPQLHRDKTIWGDDVEEFRPERFENPSAIPQHAFKPFGNGQRACIGQQMQFALHEATLVLGMILKYFTLIDHENYELDIKQTLTLKPGDFHISVQSRHQEAIHADVQAAE,46.6
31212232,KQASAIPQPKTYGPLKNLPHLEKEQLSQSLWRIADELGPIFRFDFPGVSSVFVSGHNLVAEVCDSRFDKNLSQALKFVRDFAGDGLATSWTHEKNWKKAHNILLPSFSQQAMKGYHAMMVDIIAVQLIQKWARLNPNEAVDVPGDMTRLTLDTIGLCGFNYRFNSYRDQPHPFITSMVRALDEAMNKLQRANPDDPAYDENKRQFQEDIKVMNDLVVDSIIAERRANGDQDEKDLLARMLNVEDPETGEKLDDENIRFQIITFLIAGHETTSGLLSFATYFLLKHPDKLKKAYEEVDRVLTDAAPTYKQVLELTYIRMILNESLRLWPTAPAFSLYAKEDTVLGGEYPISKGQPVTVLIPKLHRDQNAWGPDAEDFRPERFEDPSSIPHHAYKPFGNGQRACIGMQFALHEATLVLGMILKYFTLIDHENYELDIKQTLTLKPGDFHISVQSRHQEAIHADVQAAE,51.0
22132331,KETSPIPQPKTFGPLGNLPLIDKDKPTLSLIKLAEEQGPIFQIHTPAGTTIVVSGHELVKEVCDEERFDKSIEGALEKVRAFSGDGLATSWTHEPNWRKAHNILMPTFSQRAMKDYHEKMVDAVQLVQKWERLNADEHIEVPEDMTRLTLDTIGLCGFNYRFNSFYYRDSQHPFITSMLRALKEAMNQSKRLGLQDKMMVKTKLQFQKDIEVMNSLVDSIIAERRANGDQDEKDLLARMLNVEDPETGEKLDDENIRFQIITFLIAGHETTSGLLSFAIYCLLTHPEKLKKAQEEADRVLTDDTPEYKQIQQLKYIRMVLNETLRLYPTAPAFSLYAKEDTVLGGEYPISKGQPVTVLIPKLHRDQNAWGPDAEDFRPERFEDPSSIPHHAYKPFGNGQRACIGFALHEATLVLGMMLKHFDFEDHTNYELDIKETLTLKPEGFVVKAKSKKIPLGGIPSPST,53.3
32333233,KQASAIPQPKTYGPLKNLPHLEKEQLSQSLWRIADELGPIFRFDFPGVSSVFVSGHNLVAEVCDEERFDKSIEGALEKVRAFSGDGLATSWTHEPNWRKAHNILMPTFSQRAMKDYHEKMVDIATQLIQKWSRLNPNEEIDVADDMTRLTLDTIGLCGFNYRFNSFYRDSQHPFITSMLRALKEAMNQSKRLGLQDKMMVKTKLQFQKDIEVMNSLVDRMIAERKANPDENIKDLLSLMLYAKDPVTGETLDDENIRYQIITFLIAGHETTSGLLSFATYFLLKHPDKLKKAYEEVDRVLTDAAPTYKQVLELTYIRMILNESLRLWPTAPAFSLYAKEDTVLGGEYPISKGQPVTVLIPKLHRDQNAWGPDAEDFRPERFEDPSSIPHHAYKPFGNGQRACIGMQFALQEATMVLGLVLKHFELINHTGYELKIKEALTIKPDDFKITVKPRKTAAINVQRKEQA,47.2
21332233,KETSPIPQPKTFGPLGNLPLIDKDKPTLSLIKLAEEQGPIFQIHTPAGTTIVVSGHELVKEVCDSRFDKNLSQALKFVRDFAGDGLATSWTHEKNWKKAHNILLPSFSQQAMKGYHAMMVDIIATQLIQKWSRLNPNEEIDVADDMTRLTLDTIGLCGFNYRFNSFYRDSQHPFITSMLRALKEAMNQSKRLGLQDKMMVKTKLQFQKDIEVMNSLVDSIIAERRANGDQDEKDLLARMLNVEDPETGEKLDDENIRFQIITFLIAGHETTSGLLSFATYFLLKHPDKLKKAYEEVDRVLTDAAPTYKQVLELTYIRMILNESLRLWPTAPAFSLYAKEDTVLGGEYPISKGQPVTVLIPKLHRDQNAWGPDAEDFRPERFEDPSSIPHHAYKPFGNGQRACIGMQFALQEATMVLGLVLKHFELINHTGYELKIKEALTIKPDDFKITVKPRKTAAINVQRKEQA,58.9
23213211,KETSPIPQPKTFGPLGNLPLIDKDKPTLSLIKLAEEQGPIFQIHTPAGTTIVVSGHELVKEVCDEKRFDKNLGKGLQKVREFGGDGLATSWTHEPNWQKAHRILLPSFSQKAMKGYHSMMLDIAVQLIQKWARLNPNEAVDVPGDMTRLTLDTIGLCGFNYRFNSYRDQPHPFITSMVRALDEAMNKLQRANPDDPAYDENKRQFQEDIKVMNDLVVDRMIAERKANPDENIKDLLSLMLYAKDPVTGETLDDENIRYQIITFLIAGHETTSGLLSFATYFLLKHPDKLKKAYEEVDRVLTDAAPTYKQVLELTYIRMILNESLRLWPPAFSLYAKEDTVLGGEYPLEKGDELMVLIPQLHRDKTIWGDDVEEFRPERFENPSAIPQHAFKPFGNGQRACIGQQFALHEATLVLGMMLKHFDFEDHTNYELDIKETLTLKPEGFVVKAKSKKIPLGGIPSPST,47.4
23313111,KETSPIPQPKTFGPLGNLPLIDKDKPTLSLIKLAEEQGPIFQIHTPAGTTIVVSGHELVKEVCDEKRFDKNLGKGLQKVREFGGDGLATSWTHEPNWQKAHRILLPSFSQKAMKGYHSMMLDIATQLIQKWSRLNPNEEIDVADDMTRLTLDTIGLCGFNYRFNSFRDQPHPFITSMVRALDEAMNKLQRANPDDPAYDENKRQFQEDIKVMNDLVVDRMIAERKANPDENIKDLLSLMLYAKDPVTGETLDDENIRYQIITFLIAGHTSGLLSFALYFLVKNPHVLQKAAEEAARVLVDPVPSYKQVKQLKYVGMVLNEALRLWPTAPAFSLYAKEDTVLGGEYPLEKGDELMVLIPQLHRDKTIWGDDVEEFRPERFENPSAIPQHAFKPFGNGQRACIGQQFALHEATLVLGMMLKHFDFEDHTNYELDIKETLTLKPEGFVVKAKSKKIPLGGIPSPST,56.9
22331223,KETSPIPQPKTFGPLGNLPLIDKDKPTLSLIKLAEEQGPIFQIHTPAGTTIVVSGHELVKEVCDEERFDKSIEGALEKVRAFSGDGLATSWTHEPNWRKAHNILMPTFSQRAMKDYHEKMVDIATQLIQKWSRLNPNEEIDVADDMTRLTLDTIGLCGFNYRFNSFYRDSQHPFITSMLRALKEAMNQSKRLGLQDKMMVKTKLQFQKDIEVMNSLDKIIADRKASGEQSDDLLTHMLNGKDPETGEPLDDENIRYQIITFLIAGHETETTSGLLSFATYFLLKHPDKLKKAYEEVDRVLTDAAPTYKQVLELTYIRMILNESLRLWPTAPAFSLYPKEDTVIGGKFPITTNDRISVLIPQLHRDRDAWGKDAEEFRPERFEHQDQVPHHAYKPFGNGQRACIGMQFALQEATMVLGLVLKHFELINHTGYELKIKEALTIKPDDFKITVKPRKTAAINVQRKEQA,51.7
23333131,KETSPIPQPKTFGPLGNLPLIDKDKPTLSLIKLAEEQGPIFQIHTPAGTTIVVSGHELVKEVCDEKRFDKNLGKGLQKVREFGGDGLATSWTHEPNWQKAHRILLPSFSQKAMKGYHSMMLDIATQLIQKWSRLNPNEEIDVADDMTRLTLDTIGLCGFNYRFNSFYRDSQHPFITSMLRALKEAMNQSKRLGLQDKMMVKTKLQFQKDIEVMNSLVDRMIAERKANPDENIKDLLSLMLYAKDPVTGETLDDENIRYQIITFLIAGHTSGLLSFALYFLVKNPHVLQKAAEEAARVLVDPVPSYKQVKQLKYVGMVLNEALRLWPTATAPAFSLYAKEDTVLGGEYPISKGQPVTVLIPKLHRDQNAWGPDAEDFRPERFEDPSSIPHHAYKPFGNGQRACIGFALHEATLVLGMMLKHFDFEDHTNYELDIKETLTLKPEGFVVKAKSKKIPLGGIPSPST,50.5
11331312,TIKEMPQPKTFGELKNLPLLNTDKPVQALMKIADELGEIFKFEAPGRVTRYLSSQRLIKEACDESRFDKNLSQALKFVRDFAGDGLATSWTHEKNWKKAHNILLPSFSQQAMKGYHAMMVDIIATQLIQKWSRLNPNEEIDVADDMTRLTLDTIGLCGFNYRFNSFYRDSQHPFITSMLRALKEAMNQSKRLGLQDKMMVKTKLQFQKDIEVMNSLDKIIADRKASGEQSDDLLTHMLNGKDPETGEPLDDENIRYQIITFLIAGHETETTSGLLSFAIYCLLTHPEKLKKAQEEADRVLTDDTPEYKQIQQLKYIRMVLNETLRLYPPAFSLYAKEDTVLGGEYPLEKGDELMVLIPQLHRDKTIWGDDVEEFRPERFENPSAIPQHAFKPFGNGQRACIGQQMQFALHEATLVLGMILKYFTLIDHENYELDIKQTLTLKPGDFHISVQSRHQEAIHADVQAAE,43.5
23112323,KETSPIPQPKTFGPLGNLPLIDKDKPTLSLIKLAEEQGPIFQIHTPAGTTIVVSGHELVKEVCDEKRFDKNLGKGLQKVREFGGDGLATSWTHEPNWQKAHRILLPSFSQKAMKGYHSMMLDAVQLVQKWERLNADEHIEVPEDMTRLTLDTIGLCGFNYRFNSFYRDQPHPFITSMVRALDEAMNKLQRANPDDPAYDENKRQFQEDIKVMNDLVVDSIIAERRANGDQDEKDLLARMLNVEDPETGEKLDDENIRFQIITFLIAGHETTSGLLSFAIYCLLTHPEKLKKAQEEADRVLTDDTPEYKQIQQLKYIRMVLNETLRLYPTAPAFSLYPKEDTVIGGKFPITTNDRISVLIPQLHRDRDAWGKDAEEFRPERFEHQDQVPHHAYKPFGNGQRACIGMQFALQEATMVLGLVLKHFELINHTGYELKIKEALTIKPDDFKITVKPRKTAAINVQRKEQA,46.0
23333233,KETSPIPQPKTFGPLGNLPLIDKDKPTLSLIKLAEEQGPIFQIHTPAGTTIVVSGHELVKEVCDEKRFDKNLGKGLQKVREFGGDGLATSWTHEPNWQKAHRILLPSFSQKAMKGYHSMMLDIATQLIQKWSRLNPNEEIDVADDMTRLTLDTIGLCGFNYRFNSFYRDSQHPFITSMLRALKEAMNQSKRLGLQDKMMVKTKLQFQKDIEVMNSLVDRMIAERKANPDENIKDLLSLMLYAKDPVTGETLDDENIRYQIITFLIAGHETTSGLLSFATYFLLKHPDKLKKAYEEVDRVLTDAAPTYKQVLELTYIRMILNESLRLWPTAPAFSLYAKEDTVLGGEYPISKGQPVTVLIPKLHRDQNAWGPDAEDFRPERFEDPSSIPHHAYKPFGNGQRACIGMQFALQEATMVLGLVLKHFELINHTGYELKIKEALTIKPDDFKITVKPRKTAAINVQRKEQA,51.0
31312332,KQASAIPQPKTYGPLKNLPHLEKEQLSQSLWRIADELGPIFRFDFPGVSSVFVSGHNLVAEVCDSRFDKNLSQALKFVRDFAGDGLATSWTHEKNWKKAHNILLPSFSQQAMKGYHAMMVDIIATQLIQKWSRLNPNEEIDVADDMTRLTLDTIGLCGFNYRFNSFRDQPHPFITSMVRALDEAMNKLQRANPDDPAYDENKRQFQEDIKVMNDLVVDSIIAERRANGDQDEKDLLARMLNVEDPETGEKLDDENIRFQIITFLIAGHETTSGLLSFAIYCLLTHPEKLKKAQEEADRVLTDDTPEYKQIQQLKYIRMVLNETLRLYPTAPAFSLYAKEDTVLGGEYPISKGQPVTVLIPKLHRDQNAWGPDAEDFRPERFEDPSSIPHHAYKPFGNGQRACIGMQFALHEATLVLGMILKYFTLIDHENYELDIKQTLTLKPGDFHISVQSRHQEAIHADVQAAE,54.9
23331233,KETSPIPQPKTFGPLGNLPLIDKDKPTLSLIKLAEEQGPIFQIHTPAGTTIVVSGHELVKEVCDEKRFDKNLGKGLQKVREFGGDGLATSWTHEPNWQKAHRILLPSFSQKAMKGYHSMMLDIATQLIQKWSRLNPNEEIDVADDMTRLTLDTIGLCGFNYRFNSFYRDSQHPFITSMLRALKEAMNQSKRLGLQDKMMVKTKLQFQKDIEVMNSLDKIIADRKASGEQSDDLLTHMLNGKDPETGEPLDDENIRYQIITFLIAGHETETTSGLLSFATYFLLKHPDKLKKAYEEVDRVLTDAAPTYKQVLELTYIRMILNESLRLWPTAPAFSLYAKEDTVLGGEYPISKGQPVTVLIPKLHRDQNAWGPDAEDFRPERFEDPSSIPHHAYKPFGNGQRACIGMQFALQEATMVLGLVLKHFELINHTGYELKIKEALTIKPDDFKITVKPRKTAAINVQRKEQA,50.9
11113311,TIKEMPQPKTFGELKNLPLLNTDKPVQALMKIADELGEIFKFEAPGRVTRYLSSQRLIKEACDESRFDKNLSQALKFVRDFAGDGLATSWTHEKNWKKAHNILLPSFSQQAMKGYHAMMVDIAVQLVQKWERLNADEHIEVPEDMTRLTLDTIGLCGFNYRFNSFYRDQPHPFITSMVRALDEAMNKLQRANPDDPAYDENKRQFQEDIKVMNDLVVDRMIAERKANPDENIKDLLSLMLYAKDPVTGETLDDENIRYQIITFLIAGHETTSGLLSFAIYCLLTHPEKLKKAQEEADRVLTDDTPEYKQIQQLKYIRMVLNETLRLYPPAFSLYAKEDTVLGGEYPLEKGDELMVLIPQLHRDKTIWGDDVEEFRPERFENPSAIPQHAFKPFGNGQRACIGQQFALHEATLVLGMMLKHFDFEDHTNYELDIKETLTLKPEGFVVKAKSKKIPLGGIPSPST,51.2
22333332,KETSPIPQPKTFGPLGNLPLIDKDKPTLSLIKLAEEQGPIFQIHTPAGTTIVVSGHELVKEVCDEERFDKSIEGALEKVRAFSGDGLATSWTHEPNWRKAHNILMPTFSQRAMKDYHEKMVDIATQLIQKWSRLNPNEEIDVADDMTRLTLDTIGLCGFNYRFNSFYRDSQHPFITSMLRALKEAMNQSKRLGLQDKMMVKTKLQFQKDIEVMNSLVDRMIAERKANPDENIKDLLSLMLYAKDPVTGETLDDENIRYQIITFLIAGHETTSGLLSFAIYCLLTHPEKLKKAQEEADRVLTDDTPEYKQIQQLKYIRMVLNETLRLYPTAPAFSLYAKEDTVLGGEYPISKGQPVTVLIPKLHRDQNAWGPDAEDFRPERFEDPSSIPHHAYKPFGNGQRACIGMQFALHEATLVLGMILKYFTLIDHENYELDIKQTLTLKPGDFHISVQSRHQEAIHADVQAAE,49.0
21333221,KETSPIPQPKTFGPLGNLPLIDKDKPTLSLIKLAEEQGPIFQIHTPAGTTIVVSGHELVKEVCDSRFDKNLSQALKFVRDFAGDGLATSWTHEKNWKKAHNILLPSFSQQAMKGYHAMMVDIIATQLIQKWSRLNPNEEIDVADDMTRLTLDTIGLCGFNYRFNSFYRDSQHPFITSMLRALKEAMNQSKRLGLQDKMMVKTKLQFQKDIEVMNSLVDRMIAERKANPDENIKDLLSLMLYAKDPVTGETLDDENIRYQIITFLIAGHETTSGLLSFATYFLLKHPDKLKKAYEEVDRVLTDAAPTYKQVLELTYIRMILNESLRLWPTAPAFSLYPKEDTVIGGKFPITTNDRISVLIPQLHRDRDAWGKDAEEFRPERFEHQDQVPHHAYKPFGNGQRACIGFALHEATLVLGMMLKHFDFEDHTNYELDIKETLTLKPEGFVVKAKSKKIPLGGIPSPST,51.3
22133323,KETSPIPQPKTFGPLGNLPLIDKDKPTLSLIKLAEEQGPIFQIHTPAGTTIVVSGHELVKEVCDEERFDKSIEGALEKVRAFSGDGLATSWTHEPNWRKAHNILMPTFSQRAMKDYHEKMVDAVQLVQKWERLNADEHIEVPEDMTRLTLDTIGLCGFNYRFNSFYYRDSQHPFITSMLRALKEAMNQSKRLGLQDKMMVKTKLQFQKDIEVMNSLVDRMIAERKANPDENIKDLLSLMLYAKDPVTGETLDDENIRYQIITFLIAGHETTSGLLSFAIYCLLTHPEKLKKAQEEADRVLTDDTPEYKQIQQLKYIRMVLNETLRLYPTAPAFSLYPKEDTVIGGKFPITTNDRISVLIPQLHRDRDAWGKDAEEFRPERFEHQDQVPHHAYKPFGNGQRACIGMQFALQEATMVLGLVLKHFELINHTGYELKIKEALTIKPDDFKITVKPRKTAAINVQRKEQA,49.4
21232233,KETSPIPQPKTFGPLGNLPLIDKDKPTLSLIKLAEEQGPIFQIHTPAGTTIVVSGHELVKEVCDSRFDKNLSQALKFVRDFAGDGLATSWTHEKNWKKAHNILLPSFSQQAMKGYHAMMVDIIAVQLIQKWARLNPNEAVDVPGDMTRLTLDTIGLCGFNYRFNSYYRDSQHPFITSMLRALKEAMNQSKRLGLQDKMMVKTKLQFQKDIEVMNSLVDSIIAERRANGDQDEKDLLARMLNVEDPETGEKLDDENIRFQIITFLIAGHETTSGLLSFATYFLLKHPDKLKKAYEEVDRVLTDAAPTYKQVLELTYIRMILNESLRLWPTAPAFSLYAKEDTVLGGEYPISKGQPVTVLIPKLHRDQNAWGPDAEDFRPERFEDPSSIPHHAYKPFGNGQRACIGMQFALQEATMVLGLVLKHFELINHTGYELKIKEALTIKPDDFKITVKPRKTAAINVQRKEQA,50.6
23332331,KETSPIPQPKTFGPLGNLPLIDKDKPTLSLIKLAEEQGPIFQIHTPAGTTIVVSGHELVKEVCDEKRFDKNLGKGLQKVREFGGDGLATSWTHEPNWQKAHRILLPSFSQKAMKGYHSMMLDIATQLIQKWSRLNPNEEIDVADDMTRLTLDTIGLCGFNYRFNSFYRDSQHPFITSMLRALKEAMNQSKRLGLQDKMMVKTKLQFQKDIEVMNSLVDSIIAERRANGDQDEKDLLARMLNVEDPETGEKLDDENIRFQIITFLIAGHETTSGLLSFAIYCLLTHPEKLKKAQEEADRVLTDDTPEYKQIQQLKYIRMVLNETLRLYPTAPAFSLYAKEDTVLGGEYPISKGQPVTVLIPKLHRDQNAWGPDAEDFRPERFEDPSSIPHHAYKPFGNGQRACIGFALHEATLVLGMMLKHFDFEDHTNYELDIKETLTLKPEGFVVKAKSKKIPLGGIPSPST,48.0
22333223,KETSPIPQPKTFGPLGNLPLIDKDKPTLSLIKLAEEQGPIFQIHTPAGTTIVVSGHELVKEVCDEERFDKSIEGALEKVRAFSGDGLATSWTHEPNWRKAHNILMPTFSQRAMKDYHEKMVDIATQLIQKWSRLNPNEEIDVADDMTRLTLDTIGLCGFNYRFNSFYRDSQHPFITSMLRALKEAMNQSKRLGLQDKMMVKTKLQFQKDIEVMNSLVDRMIAERKANPDENIKDLLSLMLYAKDPVTGETLDDENIRYQIITFLIAGHETTSGLLSFATYFLLKHPDKLKKAYEEVDRVLTDAAPTYKQVLELTYIRMILNESLRLWPTAPAFSLYPKEDTVIGGKFPITTNDRISVLIPQLHRDRDAWGKDAEEFRPERFEHQDQVPHHAYKPFGNGQRACIGMQFALQEATMVLGLVLKHFELINHTGYELKIKEALTIKPDDFKITVKPRKTAAINVQRKEQA,49.9
33333233,KQASAIPQPKTYGPLKNLPHLEKEQLSQSLWRIADELGPIFRFDFPGVSSVFVSGHNLVAEVCDEKRFDKNLGKGLQKVREFGGDGLATSWTHEPNWQKAHRILLPSFSQKAMKGYHSMMLDIATQLIQKWSRLNPNEEIDVADDMTRLTLDTIGLCGFNYRFNSFYRDSQHPFITSMLRALKEAMNQSKRLGLQDKMMVKTKLQFQKDIEVMNSLVDRMIAERKANPDENIKDLLSLMLYAKDPVTGETLDDENIRYQIITFLIAGHETTSGLLSFATYFLLKHPDKLKKAYEEVDRVLTDAAPTYKQVLELTYIRMILNESLRLWPTAPAFSLYAKEDTVLGGEYPISKGQPVTVLIPKLHRDQNAWGPDAEDFRPERFEDPSSIPHHAYKPFGNGQRACIGMQFALQEATMVLGLVLKHFELINHTGYELKIKEALTIKPDDFKITVKPRKTAAINVQRKEQA,46.3
12332233,TIKEMPQPKTFGELKNLPLLNTDKPVQALMKIADELGEIFKFEAPGRVTRYLSSQRLIKEACDEEERFDKSIEGALEKVRAFSGDGLATSWTHEPNWRKAHNILMPTFSQRAMKDYHEKMVDIATQLIQKWSRLNPNEEIDVADDMTRLTLDTIGLCGFNYRFNSFYRDSQHPFITSMLRALKEAMNQSKRLGLQDKMMVKTKLQFQKDIEVMNSLVDSIIAERRANGDQDEKDLLARMLNVEDPETGEKLDDENIRFQIITFLIAGHETTSGLLSFATYFLLKHPDKLKKAYEEVDRVLTDAAPTYKQVLELTYIRMILNESLRLWPTAPAFSLYAKEDTVLGGEYPISKGQPVTVLIPKLHRDQNAWGPDAEDFRPERFEDPSSIPHHAYKPFGNGQRACIGMQFALQEATMVLGLVLKHFELINHTGYELKIKEALTIKPDDFKITVKPRKTAAINVQRKEQA,47.1
21233132,KETSPIPQPKTFGPLGNLPLIDKDKPTLSLIKLAEEQGPIFQIHTPAGTTIVVSGHELVKEVCDSRFDKNLSQALKFVRDFAGDGLATSWTHEKNWKKAHNILLPSFSQQAMKGYHAMMVDIIAVQLIQKWARLNPNEAVDVPGDMTRLTLDTIGLCGFNYRFNSYYRDSQHPFITSMLRALKEAMNQSKRLGLQDKMMVKTKLQFQKDIEVMNSLVDRMIAERKANPDENIKDLLSLMLYAKDPVTGETLDDENIRYQIITFLIAGHTSGLLSFALYFLVKNPHVLQKAAEEAARVLVDPVPSYKQVKQLKYVGMVLNEALRLWPTATAPAFSLYAKEDTVLGGEYPISKGQPVTVLIPKLHRDQNAWGPDAEDFRPERFEDPSSIPHHAYKPFGNGQRACIGMQFALHEATLVLGMILKYFTLIDHENYELDIKQTLTLKPGDFHISVQSRHQEAIHADVQAAE,42.4
21111333,KETSPIPQPKTFGPLGNLPLIDKDKPTLSLIKLAEEQGPIFQIHTPAGTTIVVSGHELVKEVCDSRFDKNLSQALKFVRDFAGDGLATSWTHEKNWKKAHNILLPSFSQQAMKGYHAMMVDIAVQLVQKWERLNADEHIEVPEDMTRLTLDTIGLCGFNYRFNSFYRDQPHPFITSMVRALDEAMNKLQRANPDDPAYDENKRQFQEDIKVMNDLVDKIIADRKASGEQSDDLLTHMLNGKDPETGEPLDDENIRYQIITFLIAGHETETTSGLLSFAIYCLLTHPEKLKKAQEEADRVLTDDTPEYKQIQQLKYIRMVLNETLRLYPTAPAFSLYAKEDTVLGGEYPISKGQPVTVLIPKLHRDQNAWGPDAEDFRPERFEDPSSIPHHAYKPFGNGQRACIGMQFALQEATMVLGLVLKHFELINHTGYELKIKEALTIKPDDFKITVKPRKTAAINVQRKEQA,62.4
22233323,KETSPIPQPKTFGPLGNLPLIDKDKPTLSLIKLAEEQGPIFQIHTPAGTTIVVSGHELVKEVCDEERFDKSIEGALEKVRAFSGDGLATSWTHEPNWRKAHNILMPTFSQRAMKDYHEKMVDIAVQLIQKWARLNPNEAVDVPGDMTRLTLDTIGLCGFNYRFNSYYRDSQHPFITSMLRALKEAMNQSKRLGLQDKMMVKTKLQFQKDIEVMNSLVDRMIAERKANPDENIKDLLSLMLYAKDPVTGETLDDENIRYQIITFLIAGHETTSGLLSFAIYCLLTHPEKLKKAQEEADRVLTDDTPEYKQIQQLKYIRMVLNETLRLYPTAPAFSLYPKEDTVIGGKFPITTNDRISVLIPQLHRDRDAWGKDAEEFRPERFEHQDQVPHHAYKPFGNGQRACIGMQFALQEATMVLGLVLKHFELINHTGYELKIKEALTIKPDDFKITVKPRKTAAINVQRKEQA,48.4
23333311,KETSPIPQPKTFGPLGNLPLIDKDKPTLSLIKLAEEQGPIFQIHTPAGTTIVVSGHELVKEVCDEKRFDKNLGKGLQKVREFGGDGLATSWTHEPNWQKAHRILLPSFSQKAMKGYHSMMLDIATQLIQKWSRLNPNEEIDVADDMTRLTLDTIGLCGFNYRFNSFYRDSQHPFITSMLRALKEAMNQSKRLGLQDKMMVKTKLQFQKDIEVMNSLVDRMIAERKANPDENIKDLLSLMLYAKDPVTGETLDDENIRYQIITFLIAGHETTSGLLSFAIYCLLTHPEKLKKAQEEADRVLTDDTPEYKQIQQLKYIRMVLNETLRLYPPAFSLYAKEDTVLGGEYPLEKGDELMVLIPQLHRDKTIWGDDVEEFRPERFENPSAIPQHAFKPFGNGQRACIGQQFALHEATLVLGMMLKHFDFEDHTNYELDIKETLTLKPEGFVVKAKSKKIPLGGIPSPST,45.7
13333211,TIKEMPQPKTFGELKNLPLLNTDKPVQALMKIADELGEIFKFEAPGRVTRYLSSQRLIKEACDEEKRFDKNLGKGLQKVREFGGDGLATSWTHEPNWQKAHRILLPSFSQKAMKGYHSMMLDIATQLIQKWSRLNPNEEIDVADDMTRLTLDTIGLCGFNYRFNSFYRDSQHPFITSMLRALKEAMNQSKRLGLQDKMMVKTKLQFQKDIEVMNSLVDRMIAERKANPDENIKDLLSLMLYAKDPVTGETLDDENIRYQIITFLIAGHETTSGLLSFATYFLLKHPDKLKKAYEEVDRVLTDAAPTYKQVLELTYIRMILNESLRLWPPAFSLYAKEDTVLGGEYPLEKGDELMVLIPQLHRDKTIWGDDVEEFRPERFENPSAIPQHAFKPFGNGQRACIGQQFALHEATLVLGMMLKHFDFEDHTNYELDIKETLTLKPEGFVVKAKSKKIPLGGIPSPST,45.7
12212212,TIKEMPQPKTFGELKNLPLLNTDKPVQALMKIADELGEIFKFEAPGRVTRYLSSQRLIKEACDEEERFDKSIEGALEKVRAFSGDGLATSWTHEPNWRKAHNILMPTFSQRAMKDYHEKMVDIAVQLIQKWARLNPNEAVDVPGDMTRLTLDTIGLCGFNYRFNSYRDQPHPFITSMVRALDEAMNKLQRANPDDPAYDENKRQFQEDIKVMNDLVVDSIIAERRANGDQDEKDLLARMLNVEDPETGEKLDDENIRFQIITFLIAGHETTSGLLSFATYFLLKHPDKLKKAYEEVDRVLTDAAPTYKQVLELTYIRMILNESLRLWPPAFSLYAKEDTVLGGEYPLEKGDELMVLIPQLHRDKTIWGDDVEEFRPERFENPSAIPQHAFKPFGNGQRACIGQQMQFALHEATLVLGMILKYFTLIDHENYELDIKQTLTLKPGDFHISVQSRHQEAIHADVQAAE,44.8
32232131,KQASAIPQPKTYGPLKNLPHLEKEQLSQSLWRIADELGPIFRFDFPGVSSVFVSGHNLVAEVCDEERFDKSIEGALEKVRAFSGDGLATSWTHEPNWRKAHNILMPTFSQRAMKDYHEKMVDIAVQLIQKWARLNPNEAVDVPGDMTRLTLDTIGLCGFNYRFNSYYRDSQHPFITSMLRALKEAMNQSKRLGLQDKMMVKTKLQFQKDIEVMNSLVDSIIAERRANGDQDEKDLLARMLNVEDPETGEKLDDENIRFQIITFLIAGHTSGLLSFALYFLVKNPHVLQKAAEEAARVLVDPVPSYKQVKQLKYVGMVLNEALRLWPTATAPAFSLYAKEDTVLGGEYPISKGQPVTVLIPKLHRDQNAWGPDAEDFRPERFEDPSSIPHHAYKPFGNGQRACIGFALHEATLVLGMMLKHFDFEDHTNYELDIKETLTLKPEGFVVKAKSKKIPLGGIPSPST,43.9
32132233,KQASAIPQPKTYGPLKNLPHLEKEQLSQSLWRIADELGPIFRFDFPGVSSVFVSGHNLVAEVCDEERFDKSIEGALEKVRAFSGDGLATSWTHEPNWRKAHNILMPTFSQRAMKDYHEKMVDAVQLVQKWERLNADEHIEVPEDMTRLTLDTIGLCGFNYRFNSFYYRDSQHPFITSMLRALKEAMNQSKRLGLQDKMMVKTKLQFQKDIEVMNSLVDSIIAERRANGDQDEKDLLARMLNVEDPETGEKLDDENIRFQIITFLIAGHETTSGLLSFATYFLLKHPDKLKKAYEEVDRVLTDAAPTYKQVLELTYIRMILNESLRLWPTAPAFSLYAKEDTVLGGEYPISKGQPVTVLIPKLHRDQNAWGPDAEDFRPERFEDPSSIPHHAYKPFGNGQRACIGMQFALQEATMVLGLVLKHFELINHTGYELKIKEALTIKPDDFKITVKPRKTAAINVQRKEQA,42.9
22232331,KETSPIPQPKTFGPLGNLPLIDKDKPTLSLIKLAEEQGPIFQIHTPAGTTIVVSGHELVKEVCDEERFDKSIEGALEKVRAFSGDGLATSWTHEPNWRKAHNILMPTFSQRAMKDYHEKMVDIAVQLIQKWARLNPNEAVDVPGDMTRLTLDTIGLCGFNYRFNSYYRDSQHPFITSMLRALKEAMNQSKRLGLQDKMMVKTKLQFQKDIEVMNSLVDSIIAERRANGDQDEKDLLARMLNVEDPETGEKLDDENIRFQIITFLIAGHETTSGLLSFAIYCLLTHPEKLKKAQEEADRVLTDDTPEYKQIQQLKYIRMVLNETLRLYPTAPAFSLYAKEDTVLGGEYPISKGQPVTVLIPKLHRDQNAWGPDAEDFRPERFEDPSSIPHHAYKPFGNGQRACIGFALHEATLVLGMMLKHFDFEDHTNYELDIKETLTLKPEGFVVKAKSKKIPLGGIPSPST,50.5
11313233,TIKEMPQPKTFGELKNLPLLNTDKPVQALMKIADELGEIFKFEAPGRVTRYLSSQRLIKEACDESRFDKNLSQALKFVRDFAGDGLATSWTHEKNWKKAHNILLPSFSQQAMKGYHAMMVDIIATQLIQKWSRLNPNEEIDVADDMTRLTLDTIGLCGFNYRFNSFRDQPHPFITSMVRALDEAMNKLQRANPDDPAYDENKRQFQEDIKVMNDLVVDRMIAERKANPDENIKDLLSLMLYAKDPVTGETLDDENIRYQIITFLIAGHETTSGLLSFATYFLLKHPDKLKKAYEEVDRVLTDAAPTYKQVLELTYIRMILNESLRLWPTAPAFSLYAKEDTVLGGEYPISKGQPVTVLIPKLHRDQNAWGPDAEDFRPERFEDPSSIPHHAYKPFGNGQRACIGMQFALQEATMVLGLVLKHFELINHTGYELKIKEALTIKPDDFKITVKPRKTAAINVQRKEQA,48.3
31312323,KQASAIPQPKTYGPLKNLPHLEKEQLSQSLWRIADELGPIFRFDFPGVSSVFVSGHNLVAEVCDSRFDKNLSQALKFVRDFAGDGLATSWTHEKNWKKAHNILLPSFSQQAMKGYHAMMVDIIATQLIQKWSRLNPNEEIDVADDMTRLTLDTIGLCGFNYRFNSFRDQPHPFITSMVRALDEAMNKLQRANPDDPAYDENKRQFQEDIKVMNDLVVDSIIAERRANGDQDEKDLLARMLNVEDPETGEKLDDENIRFQIITFLIAGHETTSGLLSFAIYCLLTHPEKLKKAQEEADRVLTDDTPEYKQIQQLKYIRMVLNETLRLYPTAPAFSLYPKEDTVIGGKFPITTNDRISVLIPQLHRDRDAWGKDAEEFRPERFEHQDQVPHHAYKPFGNGQRACIGMQFALQEATMVLGLVLKHFELINHTGYELKIKEALTIKPDDFKITVKPRKTAAINVQRKEQA,52.3
22331123,KETSPIPQPKTFGPLGNLPLIDKDKPTLSLIKLAEEQGPIFQIHTPAGTTIVVSGHELVKEVCDEERFDKSIEGALEKVRAFSGDGLATSWTHEPNWRKAHNILMPTFSQRAMKDYHEKMVDIATQLIQKWSRLNPNEEIDVADDMTRLTLDTIGLCGFNYRFNSFYRDSQHPFITSMLRALKEAMNQSKRLGLQDKMMVKTKLQFQKDIEVMNSLDKIIADRKASGEQSDDLLTHMLNGKDPETGEPLDDENIRYQIITFLIAGHETTSGLLSFALYFLVKNPHVLQKAAEEAARVLVDPVPSYKQVKQLKYVGMVLNEALRLWPTATAPAFSLYPKEDTVIGGKFPITTNDRISVLIPQLHRDRDAWGKDAEEFRPERFEHQDQVPHHAYKPFGNGQRACIGMQFALQEATMVLGLVLKHFELINHTGYELKIKEALTIKPDDFKITVKPRKTAAINVQRKEQA,47.9
22313233,KETSPIPQPKTFGPLGNLPLIDKDKPTLSLIKLAEEQGPIFQIHTPAGTTIVVSGHELVKEVCDEERFDKSIEGALEKVRAFSGDGLATSWTHEPNWRKAHNILMPTFSQRAMKDYHEKMVDIATQLIQKWSRLNPNEEIDVADDMTRLTLDTIGLCGFNYRFNSFRDQPHPFITSMVRALDEAMNKLQRANPDDPAYDENKRQFQEDIKVMNDLVVDRMIAERKANPDENIKDLLSLMLYAKDPVTGETLDDENIRYQIITFLIAGHETTSGLLSFATYFLLKHPDKLKKAYEEVDRVLTDAAPTYKQVLELTYIRMILNESLRLWPTAPAFSLYAKEDTVLGGEYPISKGQPVTVLIPKLHRDQNAWGPDAEDFRPERFEDPSSIPHHAYKPFGNGQRACIGMQFALQEATMVLGLVLKHFELINHTGYELKIKEALTIKPDDFKITVKPRKTAAINVQRKEQA,58.5
32113232,KQASAIPQPKTYGPLKNLPHLEKEQLSQSLWRIADELGPIFRFDFPGVSSVFVSGHNLVAEVCDEERFDKSIEGALEKVRAFSGDGLATSWTHEPNWRKAHNILMPTFSQRAMKDYHEKMVDAVQLVQKWERLNADEHIEVPEDMTRLTLDTIGLCGFNYRFNSFYRDQPHPFITSMVRALDEAMNKLQRANPDDPAYDENKRQFQEDIKVMNDLVVDRMIAERKANPDENIKDLLSLMLYAKDPVTGETLDDENIRYQIITFLIAGHETTSGLLSFATYFLLKHPDKLKKAYEEVDRVLTDAAPTYKQVLELTYIRMILNESLRLWPTAPAFSLYAKEDTVLGGEYPISKGQPVTVLIPKLHRDQNAWGPDAEDFRPERFEDPSSIPHHAYKPFGNGQRACIGMQFALHEATLVLGMILKYFTLIDHENYELDIKQTLTLKPGDFHISVQSRHQEAIHADVQAAE,47.9
21313313,KETSPIPQPKTFGPLGNLPLIDKDKPTLSLIKLAEEQGPIFQIHTPAGTTIVVSGHELVKEVCDSRFDKNLSQALKFVRDFAGDGLATSWTHEKNWKKAHNILLPSFSQQAMKGYHAMMVDIIATQLIQKWSRLNPNEEIDVADDMTRLTLDTIGLCGFNYRFNSFRDQPHPFITSMVRALDEAMNKLQRANPDDPAYDENKRQFQEDIKVMNDLVVDRMIAERKANPDENIKDLLSLMLYAKDPVTGETLDDENIRYQIITFLIAGHETTSGLLSFAIYCLLTHPEKLKKAQEEADRVLTDDTPEYKQIQQLKYIRMVLNETLRLYPPAFSLYAKEDTVLGGEYPLEKGDELMVLIPQLHRDKTIWGDDVEEFRPERFENPSAIPQHAFKPFGNGQRACIGQQMQFALQEATMVLGLVLKHFELINHTGYELKIKEALTIKPDDFKITVKPRKTAAINVQRKEQA,64.4
12212332,TIKEMPQPKTFGELKNLPLLNTDKPVQALMKIADELGEIFKFEAPGRVTRYLSSQRLIKEACDEEERFDKSIEGALEKVRAFSGDGLATSWTHEPNWRKAHNILMPTFSQRAMKDYHEKMVDIAVQLIQKWARLNPNEAVDVPGDMTRLTLDTIGLCGFNYRFNSYRDQPHPFITSMVRALDEAMNKLQRANPDDPAYDENKRQFQEDIKVMNDLVVDSIIAERRANGDQDEKDLLARMLNVEDPETGEKLDDENIRFQIITFLIAGHETTSGLLSFAIYCLLTHPEKLKKAQEEADRVLTDDTPEYKQIQQLKYIRMVLNETLRLYPTAPAFSLYAKEDTVLGGEYPISKGQPVTVLIPKLHRDQNAWGPDAEDFRPERFEDPSSIPHHAYKPFGNGQRACIGMQFALHEATLVLGMILKYFTLIDHENYELDIKQTLTLKPGDFHISVQSRHQEAIHADVQAAE,48.4
31311233,KQASAIPQPKTYGPLKNLPHLEKEQLSQSLWRIADELGPIFRFDFPGVSSVFVSGHNLVAEVCDSRFDKNLSQALKFVRDFAGDGLATSWTHEKNWKKAHNILLPSFSQQAMKGYHAMMVDIIATQLIQKWSRLNPNEEIDVADDMTRLTLDTIGLCGFNYRFNSFRDQPHPFITSMVRALDEAMNKLQRANPDDPAYDENKRQFQEDIKVMNDLVDKIIADRKASGEQSDDLLTHMLNGKDPETGEPLDDENIRYQIITFLIAGHETETTSGLLSFATYFLLKHPDKLKKAYEEVDRVLTDAAPTYKQVLELTYIRMILNESLRLWPTAPAFSLYAKEDTVLGGEYPISKGQPVTVLIPKLHRDQNAWGPDAEDFRPERFEDPSSIPHHAYKPFGNGQRACIGMQFALQEATMVLGLVLKHFELINHTGYELKIKEALTIKPDDFKITVKPRKTAAINVQRKEQA,56.9
21113322,KETSPIPQPKTFGPLGNLPLIDKDKPTLSLIKLAEEQGPIFQIHTPAGTTIVVSGHELVKEVCDSRFDKNLSQALKFVRDFAGDGLATSWTHEKNWKKAHNILLPSFSQQAMKGYHAMMVDIAVQLVQKWERLNADEHIEVPEDMTRLTLDTIGLCGFNYRFNSFYRDQPHPFITSMVRALDEAMNKLQRANPDDPAYDENKRQFQEDIKVMNDLVVDRMIAERKANPDENIKDLLSLMLYAKDPVTGETLDDENIRYQIITFLIAGHETTSGLLSFAIYCLLTHPEKLKKAQEEADRVLTDDTPEYKQIQQLKYIRMVLNETLRLYPTAPAFSLYPKEDTVIGGKFPITTNDRISVLIPQLHRDRDAWGKDAEEFRPERFEHQDQVPHHAYKPFGNGQRACIGMQFALHEATLVLGMILKYFTLIDHENYELDIKQTLTLKPGDFHISVQSRHQEAIHADVQAAE,50.4
22333231,KETSPIPQPKTFGPLGNLPLIDKDKPTLSLIKLAEEQGPIFQIHTPAGTTIVVSGHELVKEVCDEERFDKSIEGALEKVRAFSGDGLATSWTHEPNWRKAHNILMPTFSQRAMKDYHEKMVDIATQLIQKWSRLNPNEEIDVADDMTRLTLDTIGLCGFNYRFNSFYRDSQHPFITSMLRALKEAMNQSKRLGLQDKMMVKTKLQFQKDIEVMNSLVDRMIAERKANPDENIKDLLSLMLYAKDPVTGETLDDENIRYQIITFLIAGHETTSGLLSFATYFLLKHPDKLKKAYEEVDRVLTDAAPTYKQVLELTYIRMILNESLRLWPTAPAFSLYAKEDTVLGGEYPISKGQPVTVLIPKLHRDQNAWGPDAEDFRPERFEDPSSIPHHAYKPFGNGQRACIGFALHEATLVLGMMLKHFDFEDHTNYELDIKETLTLKPEGFVVKAKSKKIPLGGIPSPST,53.1
31212323,KQASAIPQPKTYGPLKNLPHLEKEQLSQSLWRIADELGPIFRFDFPGVSSVFVSGHNLVAEVCDSRFDKNLSQALKFVRDFAGDGLATSWTHEKNWKKAHNILLPSFSQQAMKGYHAMMVDIIAVQLIQKWARLNPNEAVDVPGDMTRLTLDTIGLCGFNYRFNSYRDQPHPFITSMVRALDEAMNKLQRANPDDPAYDENKRQFQEDIKVMNDLVVDSIIAERRANGDQDEKDLLARMLNVEDPETGEKLDDENIRFQIITFLIAGHETTSGLLSFAIYCLLTHPEKLKKAQEEADRVLTDDTPEYKQIQQLKYIRMVLNETLRLYPTAPAFSLYPKEDTVIGGKFPITTNDRISVLIPQLHRDRDAWGKDAEEFRPERFEHQDQVPHHAYKPFGNGQRACIGMQFALQEATMVLGLVLKHFELINHTGYELKIKEALTIKPDDFKITVKPRKTAAINVQRKEQA,48.7
21132321,KETSPIPQPKTFGPLGNLPLIDKDKPTLSLIKLAEEQGPIFQIHTPAGTTIVVSGHELVKEVCDSRFDKNLSQALKFVRDFAGDGLATSWTHEKNWKKAHNILLPSFSQQAMKGYHAMMVDIAVQLVQKWERLNADEHIEVPEDMTRLTLDTIGLCGFNYRFNSFYYRDSQHPFITSMLRALKEAMNQSKRLGLQDKMMVKTKLQFQKDIEVMNSLVDSIIAERRANGDQDEKDLLARMLNVEDPETGEKLDDENIRFQIITFLIAGHETTSGLLSFAIYCLLTHPEKLKKAQEEADRVLTDDTPEYKQIQQLKYIRMVLNETLRLYPTAPAFSLYPKEDTVIGGKFPITTNDRISVLIPQLHRDRDAWGKDAEEFRPERFEHQDQVPHHAYKPFGNGQRACIGFALHEATLVLGMMLKHFDFEDHTNYELDIKETLTLKPEGFVVKAKSKKIPLGGIPSPST,49.3
31313232,KQASAIPQPKTYGPLKNLPHLEKEQLSQSLWRIADELGPIFRFDFPGVSSVFVSGHNLVAEVCDSRFDKNLSQALKFVRDFAGDGLATSWTHEKNWKKAHNILLPSFSQQAMKGYHAMMVDIIATQLIQKWSRLNPNEEIDVADDMTRLTLDTIGLCGFNYRFNSFRDQPHPFITSMVRALDEAMNKLQRANPDDPAYDENKRQFQEDIKVMNDLVVDRMIAERKANPDENIKDLLSLMLYAKDPVTGETLDDENIRYQIITFLIAGHETTSGLLSFATYFLLKHPDKLKKAYEEVDRVLTDAAPTYKQVLELTYIRMILNESLRLWPTAPAFSLYAKEDTVLGGEYPISKGQPVTVLIPKLHRDQNAWGPDAEDFRPERFEDPSSIPHHAYKPFGNGQRACIGMQFALHEATLVLGMILKYFTLIDHENYELDIKQTLTLKPGDFHISVQSRHQEAIHADVQAAE,51.9
22232123,KETSPIPQPKTFGPLGNLPLIDKDKPTLSLIKLAEEQGPIFQIHTPAGTTIVVSGHELVKEVCDEERFDKSIEGALEKVRAFSGDGLATSWTHEPNWRKAHNILMPTFSQRAMKDYHEKMVDIAVQLIQKWARLNPNEAVDVPGDMTRLTLDTIGLCGFNYRFNSYYRDSQHPFITSMLRALKEAMNQSKRLGLQDKMMVKTKLQFQKDIEVMNSLVDSIIAERRANGDQDEKDLLARMLNVEDPETGEKLDDENIRFQIITFLIAGHTSGLLSFALYFLVKNPHVLQKAAEEAARVLVDPVPSYKQVKQLKYVGMVLNEALRLWPTATAPAFSLYPKEDTVIGGKFPITTNDRISVLIPQLHRDRDAWGKDAEEFRPERFEHQDQVPHHAYKPFGNGQRACIGMQFALQEATMVLGLVLKHFELINHTGYELKIKEALTIKPDDFKITVKPRKTAAINVQRKEQA,43.1
21132323,KETSPIPQPKTFGPLGNLPLIDKDKPTLSLIKLAEEQGPIFQIHTPAGTTIVVSGHELVKEVCDSRFDKNLSQALKFVRDFAGDGLATSWTHEKNWKKAHNILLPSFSQQAMKGYHAMMVDIAVQLVQKWERLNADEHIEVPEDMTRLTLDTIGLCGFNYRFNSFYYRDSQHPFITSMLRALKEAMNQSKRLGLQDKMMVKTKLQFQKDIEVMNSLVDSIIAERRANGDQDEKDLLARMLNVEDPETGEKLDDENIRFQIITFLIAGHETTSGLLSFAIYCLLTHPEKLKKAQEEADRVLTDDTPEYKQIQQLKYIRMVLNETLRLYPTAPAFSLYPKEDTVIGGKFPITTNDRISVLIPQLHRDRDAWGKDAEEFRPERFEHQDQVPHHAYKPFGNGQRACIGMQFALQEATMVLGLVLKHFELINHTGYELKIKEALTIKPDDFKITVKPRKTAAINVQRKEQA,50.1
21132212,KETSPIPQPKTFGPLGNLPLIDKDKPTLSLIKLAEEQGPIFQIHTPAGTTIVVSGHELVKEVCDSRFDKNLSQALKFVRDFAGDGLATSWTHEKNWKKAHNILLPSFSQQAMKGYHAMMVDIAVQLVQKWERLNADEHIEVPEDMTRLTLDTIGLCGFNYRFNSFYYRDSQHPFITSMLRALKEAMNQSKRLGLQDKMMVKTKLQFQKDIEVMNSLVDSIIAERRANGDQDEKDLLARMLNVEDPETGEKLDDENIRFQIITFLIAGHETTSGLLSFATYFLLKHPDKLKKAYEEVDRVLTDAAPTYKQVLELTYIRMILNESLRLWPPAFSLYAKEDTVLGGEYPLEKGDELMVLIPQLHRDKTIWGDDVEEFRPERFENPSAIPQHAFKPFGNGQRACIGQQMQFALHEATLVLGMILKYFTLIDHENYELDIKQTLTLKPGDFHISVQSRHQEAIHADVQAAE,48.8
31332233,KQASAIPQPKTYGPLKNLPHLEKEQLSQSLWRIADELGPIFRFDFPGVSSVFVSGHNLVAEVCDSRFDKNLSQALKFVRDFAGDGLATSWTHEKNWKKAHNILLPSFSQQAMKGYHAMMVDIIATQLIQKWSRLNPNEEIDVADDMTRLTLDTIGLCGFNYRFNSFYRDSQHPFITSMLRALKEAMNQSKRLGLQDKMMVKTKLQFQKDIEVMNSLVDSIIAERRANGDQDEKDLLARMLNVEDPETGEKLDDENIRFQIITFLIAGHETTSGLLSFATYFLLKHPDKLKKAYEEVDRVLTDAAPTYKQVLELTYIRMILNESLRLWPTAPAFSLYAKEDTVLGGEYPISKGQPVTVLIPKLHRDQNAWGPDAEDFRPERFEDPSSIPHHAYKPFGNGQRACIGMQFALQEATMVLGLVLKHFELINHTGYELKIKEALTIKPDDFKITVKPRKTAAINVQRKEQA,49.9
23332231,KETSPIPQPKTFGPLGNLPLIDKDKPTLSLIKLAEEQGPIFQIHTPAGTTIVVSGHELVKEVCDEKRFDKNLGKGLQKVREFGGDGLATSWTHEPNWQKAHRILLPSFSQKAMKGYHSMMLDIATQLIQKWSRLNPNEEIDVADDMTRLTLDTIGLCGFNYRFNSFYRDSQHPFITSMLRALKEAMNQSKRLGLQDKMMVKTKLQFQKDIEVMNSLVDSIIAERRANGDQDEKDLLARMLNVEDPETGEKLDDENIRFQIITFLIAGHETTSGLLSFATYFLLKHPDKLKKAYEEVDRVLTDAAPTYKQVLELTYIRMILNESLRLWPTAPAFSLYAKEDTVLGGEYPISKGQPVTVLIPKLHRDQNAWGPDAEDFRPERFEDPSSIPHHAYKPFGNGQRACIGFALHEATLVLGMMLKHFDFEDHTNYELDIKETLTLKPEGFVVKAKSKKIPLGGIPSPST,51.4
23313233,KETSPIPQPKTFGPLGNLPLIDKDKPTLSLIKLAEEQGPIFQIHTPAGTTIVVSGHELVKEVCDEKRFDKNLGKGLQKVREFGGDGLATSWTHEPNWQKAHRILLPSFSQKAMKGYHSMMLDIATQLIQKWSRLNPNEEIDVADDMTRLTLDTIGLCGFNYRFNSFRDQPHPFITSMVRALDEAMNKLQRANPDDPAYDENKRQFQEDIKVMNDLVVDRMIAERKANPDENIKDLLSLMLYAKDPVTGETLDDENIRYQIITFLIAGHETTSGLLSFATYFLLKHPDKLKKAYEEVDRVLTDAAPTYKQVLELTYIRMILNESLRLWPTAPAFSLYAKEDTVLGGEYPISKGQPVTVLIPKLHRDQNAWGPDAEDFRPERFEDPSSIPHHAYKPFGNGQRACIGMQFALQEATMVLGLVLKHFELINHTGYELKIKEALTIKPDDFKITVKPRKTAAINVQRKEQA,56.3
21133232,KETSPIPQPKTFGPLGNLPLIDKDKPTLSLIKLAEEQGPIFQIHTPAGTTIVVSGHELVKEVCDSRFDKNLSQALKFVRDFAGDGLATSWTHEKNWKKAHNILLPSFSQQAMKGYHAMMVDIAVQLVQKWERLNADEHIEVPEDMTRLTLDTIGLCGFNYRFNSFYYRDSQHPFITSMLRALKEAMNQSKRLGLQDKMMVKTKLQFQKDIEVMNSLVDRMIAERKANPDENIKDLLSLMLYAKDPVTGETLDDENIRYQIITFLIAGHETTSGLLSFATYFLLKHPDKLKKAYEEVDRVLTDAAPTYKQVLELTYIRMILNESLRLWPTAPAFSLYAKEDTVLGGEYPISKGQPVTVLIPKLHRDQNAWGPDAEDFRPERFEDPSSIPHHAYKPFGNGQRACIGMQFALHEATLVLGMILKYFTLIDHENYELDIKQTLTLKPGDFHISVQSRHQEAIHADVQAAE,46.4
12112333,TIKEMPQPKTFGELKNLPLLNTDKPVQALMKIADELGEIFKFEAPGRVTRYLSSQRLIKEACDEEERFDKSIEGALEKVRAFSGDGLATSWTHEPNWRKAHNILMPTFSQRAMKDYHEKMVDAVQLVQKWERLNADEHIEVPEDMTRLTLDTIGLCGFNYRFNSFYRDQPHPFITSMVRALDEAMNKLQRANPDDPAYDENKRQFQEDIKVMNDLVVDSIIAERRANGDQDEKDLLARMLNVEDPETGEKLDDENIRFQIITFLIAGHETTSGLLSFAIYCLLTHPEKLKKAQEEADRVLTDDTPEYKQIQQLKYIRMVLNETLRLYPTAPAFSLYAKEDTVLGGEYPISKGQPVTVLIPKLHRDQNAWGPDAEDFRPERFEDPSSIPHHAYKPFGNGQRACIGMQFALQEATMVLGLVLKHFELINHTGYELKIKEALTIKPDDFKITVKPRKTAAINVQRKEQA,50.9
21332322,KETSPIPQPKTFGPLGNLPLIDKDKPTLSLIKLAEEQGPIFQIHTPAGTTIVVSGHELVKEVCDSRFDKNLSQALKFVRDFAGDGLATSWTHEKNWKKAHNILLPSFSQQAMKGYHAMMVDIIATQLIQKWSRLNPNEEIDVADDMTRLTLDTIGLCGFNYRFNSFYRDSQHPFITSMLRALKEAMNQSKRLGLQDKMMVKTKLQFQKDIEVMNSLVDSIIAERRANGDQDEKDLLARMLNVEDPETGEKLDDENIRFQIITFLIAGHETTSGLLSFAIYCLLTHPEKLKKAQEEADRVLTDDTPEYKQIQQLKYIRMVLNETLRLYPTAPAFSLYPKEDTVIGGKFPITTNDRISVLIPQLHRDRDAWGKDAEEFRPERFEHQDQVPHHAYKPFGNGQRACIGMQFALHEATLVLGMILKYFTLIDHENYELDIKQTLTLKPGDFHISVQSRHQEAIHADVQAAE,48.8
22112211,KETSPIPQPKTFGPLGNLPLIDKDKPTLSLIKLAEEQGPIFQIHTPAGTTIVVSGHELVKEVCDEERFDKSIEGALEKVRAFSGDGLATSWTHEPNWRKAHNILMPTFSQRAMKDYHEKMVDAVQLVQKWERLNADEHIEVPEDMTRLTLDTIGLCGFNYRFNSFYRDQPHPFITSMVRALDEAMNKLQRANPDDPAYDENKRQFQEDIKVMNDLVVDSIIAERRANGDQDEKDLLARMLNVEDPETGEKLDDENIRFQIITFLIAGHETTSGLLSFATYFLLKHPDKLKKAYEEVDRVLTDAAPTYKQVLELTYIRMILNESLRLWPPAFSLYAKEDTVLGGEYPLEKGDELMVLIPQLHRDKTIWGDDVEEFRPERFENPSAIPQHAFKPFGNGQRACIGQQFALHEATLVLGMMLKHFDFEDHTNYELDIKETLTLKPEGFVVKAKSKKIPLGGIPSPST,54.7
22133212,KETSPIPQPKTFGPLGNLPLIDKDKPTLSLIKLAEEQGPIFQIHTPAGTTIVVSGHELVKEVCDEERFDKSIEGALEKVRAFSGDGLATSWTHEPNWRKAHNILMPTFSQRAMKDYHEKMVDAVQLVQKWERLNADEHIEVPEDMTRLTLDTIGLCGFNYRFNSFYYRDSQHPFITSMLRALKEAMNQSKRLGLQDKMMVKTKLQFQKDIEVMNSLVDRMIAERKANPDENIKDLLSLMLYAKDPVTGETLDDENIRYQIITFLIAGHETTSGLLSFATYFLLKHPDKLKKAYEEVDRVLTDAAPTYKQVLELTYIRMILNESLRLWPPAFSLYAKEDTVLGGEYPLEKGDELMVLIPQLHRDKTIWGDDVEEFRPERFENPSAIPQHAFKPFGNGQRACIGQQMQFALHEATLVLGMILKYFTLIDHENYELDIKQTLTLKPGDFHISVQSRHQEAIHADVQAAE,47.2
22132231,KETSPIPQPKTFGPLGNLPLIDKDKPTLSLIKLAEEQGPIFQIHTPAGTTIVVSGHELVKEVCDEERFDKSIEGALEKVRAFSGDGLATSWTHEPNWRKAHNILMPTFSQRAMKDYHEKMVDAVQLVQKWERLNADEHIEVPEDMTRLTLDTIGLCGFNYRFNSFYYRDSQHPFITSMLRALKEAMNQSKRLGLQDKMMVKTKLQFQKDIEVMNSLVDSIIAERRANGDQDEKDLLARMLNVEDPETGEKLDDENIRFQIITFLIAGHETTSGLLSFATYFLLKHPDKLKKAYEEVDRVLTDAAPTYKQVLELTYIRMILNESLRLWPTAPAFSLYAKEDTVLGGEYPISKGQPVTVLIPKLHRDQNAWGPDAEDFRPERFEDPSSIPHHAYKPFGNGQRACIGFALHEATLVLGMMLKHFDFEDHTNYELDIKETLTLKPEGFVVKAKSKKIPLGGIPSPST,53.0
21333333,KETSPIPQPKTFGPLGNLPLIDKDKPTLSLIKLAEEQGPIFQIHTPAGTTIVVSGHELVKEVCDSRFDKNLSQALKFVRDFAGDGLATSWTHEKNWKKAHNILLPSFSQQAMKGYHAMMVDIIATQLIQKWSRLNPNEEIDVADDMTRLTLDTIGLCGFNYRFNSFYRDSQHPFITSMLRALKEAMNQSKRLGLQDKMMVKTKLQFQKDIEVMNSLVDRMIAERKANPDENIKDLLSLMLYAKDPVTGETLDDENIRYQIITFLIAGHETTSGLLSFAIYCLLTHPEKLKKAQEEADRVLTDDTPEYKQIQQLKYIRMVLNETLRLYPTAPAFSLYAKEDTVLGGEYPISKGQPVTVLIPKLHRDQNAWGPDAEDFRPERFEDPSSIPHHAYKPFGNGQRACIGMQFALQEATMVLGLVLKHFELINHTGYELKIKEALTIKPDDFKITVKPRKTAAINVQRKEQA,58.0
31113131,KQASAIPQPKTYGPLKNLPHLEKEQLSQSLWRIADELGPIFRFDFPGVSSVFVSGHNLVAEVCDSRFDKNLSQALKFVRDFAGDGLATSWTHEKNWKKAHNILLPSFSQQAMKGYHAMMVDIAVQLVQKWERLNADEHIEVPEDMTRLTLDTIGLCGFNYRFNSFYRDQPHPFITSMVRALDEAMNKLQRANPDDPAYDENKRQFQEDIKVMNDLVVDRMIAERKANPDENIKDLLSLMLYAKDPVTGETLDDENIRYQIITFLIAGHTSGLLSFALYFLVKNPHVLQKAAEEAARVLVDPVPSYKQVKQLKYVGMVLNEALRLWPTATAPAFSLYAKEDTVLGGEYPISKGQPVTVLIPKLHRDQNAWGPDAEDFRPERFEDPSSIPHHAYKPFGNGQRACIGFALHEATLVLGMMLKHFDFEDHTNYELDIKETLTLKPEGFVVKAKSKKIPLGGIPSPST,54.9
21113312,KETSPIPQPKTFGPLGNLPLIDKDKPTLSLIKLAEEQGPIFQIHTPAGTTIVVSGHELVKEVCDSRFDKNLSQALKFVRDFAGDGLATSWTHEKNWKKAHNILLPSFSQQAMKGYHAMMVDIAVQLVQKWERLNADEHIEVPEDMTRLTLDTIGLCGFNYRFNSFYRDQPHPFITSMVRALDEAMNKLQRANPDDPAYDENKRQFQEDIKVMNDLVVDRMIAERKANPDENIKDLLSLMLYAKDPVTGETLDDENIRYQIITFLIAGHETTSGLLSFAIYCLLTHPEKLKKAQEEADRVLTDDTPEYKQIQQLKYIRMVLNETLRLYPPAFSLYAKEDTVLGGEYPLEKGDELMVLIPQLHRDKTIWGDDVEEFRPERFENPSAIPQHAFKPFGNGQRACIGQQMQFALHEATLVLGMILKYFTLIDHENYELDIKQTLTLKPGDFHISVQSRHQEAIHADVQAAE,53.0
22213223,KETSPIPQPKTFGPLGNLPLIDKDKPTLSLIKLAEEQGPIFQIHTPAGTTIVVSGHELVKEVCDEERFDKSIEGALEKVRAFSGDGLATSWTHEPNWRKAHNILMPTFSQRAMKDYHEKMVDIAVQLIQKWARLNPNEAVDVPGDMTRLTLDTIGLCGFNYRFNSYRDQPHPFITSMVRALDEAMNKLQRANPDDPAYDENKRQFQEDIKVMNDLVVDRMIAERKANPDENIKDLLSLMLYAKDPVTGETLDDENIRYQIITFLIAGHETTSGLLSFATYFLLKHPDKLKKAYEEVDRVLTDAAPTYKQVLELTYIRMILNESLRLWPTAPAFSLYPKEDTVIGGKFPITTNDRISVLIPQLHRDRDAWGKDAEEFRPERFEHQDQVPHHAYKPFGNGQRACIGMQFALQEATMVLGLVLKHFELINHTGYELKIKEALTIKPDDFKITVKPRKTAAINVQRKEQA,50.8
23313333,KETSPIPQPKTFGPLGNLPLIDKDKPTLSLIKLAEEQGPIFQIHTPAGTTIVVSGHELVKEVCDEKRFDKNLGKGLQKVREFGGDGLATSWTHEPNWQKAHRILLPSFSQKAMKGYHSMMLDIATQLIQKWSRLNPNEEIDVADDMTRLTLDTIGLCGFNYRFNSFRDQPHPFITSMVRALDEAMNKLQRANPDDPAYDENKRQFQEDIKVMNDLVVDRMIAERKANPDENIKDLLSLMLYAKDPVTGETLDDENIRYQIITFLIAGHETTSGLLSFAIYCLLTHPEKLKKAQEEADRVLTDDTPEYKQIQQLKYIRMVLNETLRLYPTAPAFSLYAKEDTVLGGEYPISKGQPVTVLIPKLHRDQNAWGPDAEDFRPERFEDPSSIPHHAYKPFGNGQRACIGMQFALQEATMVLGLVLKHFELINHTGYELKIKEALTIKPDDFKITVKPRKTAAINVQRKEQA,61.2
22312223,KETSPIPQPKTFGPLGNLPLIDKDKPTLSLIKLAEEQGPIFQIHTPAGTTIVVSGHELVKEVCDEERFDKSIEGALEKVRAFSGDGLATSWTHEPNWRKAHNILMPTFSQRAMKDYHEKMVDIATQLIQKWSRLNPNEEIDVADDMTRLTLDTIGLCGFNYRFNSFRDQPHPFITSMVRALDEAMNKLQRANPDDPAYDENKRQFQEDIKVMNDLVVDSIIAERRANGDQDEKDLLARMLNVEDPETGEKLDDENIRFQIITFLIAGHETTSGLLSFATYFLLKHPDKLKKAYEEVDRVLTDAAPTYKQVLELTYIRMILNESLRLWPTAPAFSLYPKEDTVIGGKFPITTNDRISVLIPQLHRDRDAWGKDAEEFRPERFEHQDQVPHHAYKPFGNGQRACIGMQFALQEATMVLGLVLKHFELINHTGYELKIKEALTIKPDDFKITVKPRKTAAINVQRKEQA,56.2
21332112,KETSPIPQPKTFGPLGNLPLIDKDKPTLSLIKLAEEQGPIFQIHTPAGTTIVVSGHELVKEVCDSRFDKNLSQALKFVRDFAGDGLATSWTHEKNWKKAHNILLPSFSQQAMKGYHAMMVDIIATQLIQKWSRLNPNEEIDVADDMTRLTLDTIGLCGFNYRFNSFYRDSQHPFITSMLRALKEAMNQSKRLGLQDKMMVKTKLQFQKDIEVMNSLVDSIIAERRANGDQDEKDLLARMLNVEDPETGEKLDDENIRFQIITFLIAGHTSGLLSFALYFLVKNPHVLQKAAEEAARVLVDPVPSYKQVKQLKYVGMVLNEALRLWPTAPAFSLYAKEDTVLGGEYPLEKGDELMVLIPQLHRDKTIWGDDVEEFRPERFENPSAIPQHAFKPFGNGQRACIGQQMQFALHEATLVLGMILKYFTLIDHENYELDIKQTLTLKPGDFHISVQSRHQEAIHADVQAAE,50.4
21113133,KETSPIPQPKTFGPLGNLPLIDKDKPTLSLIKLAEEQGPIFQIHTPAGTTIVVSGHELVKEVCDSRFDKNLSQALKFVRDFAGDGLATSWTHEKNWKKAHNILLPSFSQQAMKGYHAMMVDIAVQLVQKWERLNADEHIEVPEDMTRLTLDTIGLCGFNYRFNSFYRDQPHPFITSMVRALDEAMNKLQRANPDDPAYDENKRQFQEDIKVMNDLVVDRMIAERKANPDENIKDLLSLMLYAKDPVTGETLDDENIRYQIITFLIAGHTSGLLSFALYFLVKNPHVLQKAAEEAARVLVDPVPSYKQVKQLKYVGMVLNEALRLWPTATAPAFSLYAKEDTVLGGEYPISKGQPVTVLIPKLHRDQNAWGPDAEDFRPERFEDPSSIPHHAYKPFGNGQRACIGMQFALQEATMVLGLVLKHFELINHTGYELKIKEALTIKPDDFKITVKPRKTAAINVQRKEQA,51.9
23332223,KETSPIPQPKTFGPLGNLPLIDKDKPTLSLIKLAEEQGPIFQIHTPAGTTIVVSGHELVKEVCDEKRFDKNLGKGLQKVREFGGDGLATSWTHEPNWQKAHRILLPSFSQKAMKGYHSMMLDIATQLIQKWSRLNPNEEIDVADDMTRLTLDTIGLCGFNYRFNSFYRDSQHPFITSMLRALKEAMNQSKRLGLQDKMMVKTKLQFQKDIEVMNSLVDSIIAERRANGDQDEKDLLARMLNVEDPETGEKLDDENIRFQIITFLIAGHETTSGLLSFATYFLLKHPDKLKKAYEEVDRVLTDAAPTYKQVLELTYIRMILNESLRLWPTAPAFSLYPKEDTVIGGKFPITTNDRISVLIPQLHRDRDAWGKDAEEFRPERFEHQDQVPHHAYKPFGNGQRACIGMQFALQEATMVLGLVLKHFELINHTGYELKIKEALTIKPDDFKITVKPRKTAAINVQRKEQA,46.7
21331332,KETSPIPQPKTFGPLGNLPLIDKDKPTLSLIKLAEEQGPIFQIHTPAGTTIVVSGHELVKEVCDSRFDKNLSQALKFVRDFAGDGLATSWTHEKNWKKAHNILLPSFSQQAMKGYHAMMVDIIATQLIQKWSRLNPNEEIDVADDMTRLTLDTIGLCGFNYRFNSFYRDSQHPFITSMLRALKEAMNQSKRLGLQDKMMVKTKLQFQKDIEVMNSLDKIIADRKASGEQSDDLLTHMLNGKDPETGEPLDDENIRYQIITFLIAGHETETTSGLLSFAIYCLLTHPEKLKKAQEEADRVLTDDTPEYKQIQQLKYIRMVLNETLRLYPTAPAFSLYAKEDTVLGGEYPISKGQPVTVLIPKLHRDQNAWGPDAEDFRPERFEDPSSIPHHAYKPFGNGQRACIGMQFALHEATLVLGMILKYFTLIDHENYELDIKQTLTLKPGDFHISVQSRHQEAIHADVQAAE,52.0
21111323,KETSPIPQPKTFGPLGNLPLIDKDKPTLSLIKLAEEQGPIFQIHTPAGTTIVVSGHELVKEVCDSRFDKNLSQALKFVRDFAGDGLATSWTHEKNWKKAHNILLPSFSQQAMKGYHAMMVDIAVQLVQKWERLNADEHIEVPEDMTRLTLDTIGLCGFNYRFNSFYRDQPHPFITSMVRALDEAMNKLQRANPDDPAYDENKRQFQEDIKVMNDLVDKIIADRKASGEQSDDLLTHMLNGKDPETGEPLDDENIRYQIITFLIAGHETETTSGLLSFAIYCLLTHPEKLKKAQEEADRVLTDDTPEYKQIQQLKYIRMVLNETLRLYPTAPAFSLYPKEDTVIGGKFPITTNDRISVLIPQLHRDRDAWGKDAEEFRPERFEHQDQVPHHAYKPFGNGQRACIGMQFALQEATMVLGLVLKHFELINHTGYELKIKEALTIKPDDFKITVKPRKTAAINVQRKEQA,54.4
32212323,KQASAIPQPKTYGPLKNLPHLEKEQLSQSLWRIADELGPIFRFDFPGVSSVFVSGHNLVAEVCDEERFDKSIEGALEKVRAFSGDGLATSWTHEPNWRKAHNILMPTFSQRAMKDYHEKMVDIAVQLIQKWARLNPNEAVDVPGDMTRLTLDTIGLCGFNYRFNSYRDQPHPFITSMVRALDEAMNKLQRANPDDPAYDENKRQFQEDIKVMNDLVVDSIIAERRANGDQDEKDLLARMLNVEDPETGEKLDDENIRFQIITFLIAGHETTSGLLSFAIYCLLTHPEKLKKAQEEADRVLTDDTPEYKQIQQLKYIRMVLNETLRLYPTAPAFSLYPKEDTVIGGKFPITTNDRISVLIPQLHRDRDAWGKDAEEFRPERFEHQDQVPHHAYKPFGNGQRACIGMQFALQEATMVLGLVLKHFELINHTGYELKIKEALTIKPDDFKITVKPRKTAAINVQRKEQA,48.4
11313333,TIKEMPQPKTFGELKNLPLLNTDKPVQALMKIADELGEIFKFEAPGRVTRYLSSQRLIKEACDESRFDKNLSQALKFVRDFAGDGLATSWTHEKNWKKAHNILLPSFSQQAMKGYHAMMVDIIATQLIQKWSRLNPNEEIDVADDMTRLTLDTIGLCGFNYRFNSFRDQPHPFITSMVRALDEAMNKLQRANPDDPAYDENKRQFQEDIKVMNDLVVDRMIAERKANPDENIKDLLSLMLYAKDPVTGETLDDENIRYQIITFLIAGHETTSGLLSFAIYCLLTHPEKLKKAQEEADRVLTDDTPEYKQIQQLKYIRMVLNETLRLYPTAPAFSLYAKEDTVLGGEYPISKGQPVTVLIPKLHRDQNAWGPDAEDFRPERFEDPSSIPHHAYKPFGNGQRACIGMQFALQEATMVLGLVLKHFELINHTGYELKIKEALTIKPDDFKITVKPRKTAAINVQRKEQA,53.8
22212123,KETSPIPQPKTFGPLGNLPLIDKDKPTLSLIKLAEEQGPIFQIHTPAGTTIVVSGHELVKEVCDEERFDKSIEGALEKVRAFSGDGLATSWTHEPNWRKAHNILMPTFSQRAMKDYHEKMVDIAVQLIQKWARLNPNEAVDVPGDMTRLTLDTIGLCGFNYRFNSYRDQPHPFITSMVRALDEAMNKLQRANPDDPAYDENKRQFQEDIKVMNDLVVDSIIAERRANGDQDEKDLLARMLNVEDPETGEKLDDENIRFQIITFLIAGHTSGLLSFALYFLVKNPHVLQKAAEEAARVLVDPVPSYKQVKQLKYVGMVLNEALRLWPTATAPAFSLYPKEDTVIGGKFPITTNDRISVLIPQLHRDRDAWGKDAEEFRPERFEHQDQVPHHAYKPFGNGQRACIGMQFALQEATMVLGLVLKHFELINHTGYELKIKEALTIKPDDFKITVKPRKTAAINVQRKEQA,47.7
21212111,KETSPIPQPKTFGPLGNLPLIDKDKPTLSLIKLAEEQGPIFQIHTPAGTTIVVSGHELVKEVCDSRFDKNLSQALKFVRDFAGDGLATSWTHEKNWKKAHNILLPSFSQQAMKGYHAMMVDIIAVQLIQKWARLNPNEAVDVPGDMTRLTLDTIGLCGFNYRFNSYRDQPHPFITSMVRALDEAMNKLQRANPDDPAYDENKRQFQEDIKVMNDLVVDSIIAERRANGDQDEKDLLARMLNVEDPETGEKLDDENIRFQIITFLIAGHTSGLLSFALYFLVKNPHVLQKAAEEAARVLVDPVPSYKQVKQLKYVGMVLNEALRLWPTAPAFSLYAKEDTVLGGEYPLEKGDELMVLIPQLHRDKTIWGDDVEEFRPERFENPSAIPQHAFKPFGNGQRACIGQQFALHEATLVLGMMLKHFDFEDHTNYELDIKETLTLKPEGFVVKAKSKKIPLGGIPSPST,57.2
32311323,KQASAIPQPKTYGPLKNLPHLEKEQLSQSLWRIADELGPIFRFDFPGVSSVFVSGHNLVAEVCDEERFDKSIEGALEKVRAFSGDGLATSWTHEPNWRKAHNILMPTFSQRAMKDYHEKMVDIATQLIQKWSRLNPNEEIDVADDMTRLTLDTIGLCGFNYRFNSFRDQPHPFITSMVRALDEAMNKLQRANPDDPAYDENKRQFQEDIKVMNDLVDKIIADRKASGEQSDDLLTHMLNGKDPETGEPLDDENIRYQIITFLIAGHETETTSGLLSFAIYCLLTHPEKLKKAQEEADRVLTDDTPEYKQIQQLKYIRMVLNETLRLYPTAPAFSLYPKEDTVIGGKFPITTNDRISVLIPQLHRDRDAWGKDAEEFRPERFEHQDQVPHHAYKPFGNGQRACIGMQFALQEATMVLGLVLKHFELINHTGYELKIKEALTIKPDDFKITVKPRKTAAINVQRKEQA,52.0
12211333,TIKEMPQPKTFGELKNLPLLNTDKPVQALMKIADELGEIFKFEAPGRVTRYLSSQRLIKEACDEEERFDKSIEGALEKVRAFSGDGLATSWTHEPNWRKAHNILMPTFSQRAMKDYHEKMVDIAVQLIQKWARLNPNEAVDVPGDMTRLTLDTIGLCGFNYRFNSYRDQPHPFITSMVRALDEAMNKLQRANPDDPAYDENKRQFQEDIKVMNDLVDKIIADRKASGEQSDDLLTHMLNGKDPETGEPLDDENIRYQIITFLIAGHETETTSGLLSFAIYCLLTHPEKLKKAQEEADRVLTDDTPEYKQIQQLKYIRMVLNETLRLYPTAPAFSLYAKEDTVLGGEYPISKGQPVTVLIPKLHRDQNAWGPDAEDFRPERFEDPSSIPHHAYKPFGNGQRACIGMQFALQEATMVLGLVLKHFELINHTGYELKIKEALTIKPDDFKITVKPRKTAAINVQRKEQA,50.6
31212212,KQASAIPQPKTYGPLKNLPHLEKEQLSQSLWRIADELGPIFRFDFPGVSSVFVSGHNLVAEVCDSRFDKNLSQALKFVRDFAGDGLATSWTHEKNWKKAHNILLPSFSQQAMKGYHAMMVDIIAVQLIQKWARLNPNEAVDVPGDMTRLTLDTIGLCGFNYRFNSYRDQPHPFITSMVRALDEAMNKLQRANPDDPAYDENKRQFQEDIKVMNDLVVDSIIAERRANGDQDEKDLLARMLNVEDPETGEKLDDENIRFQIITFLIAGHETTSGLLSFATYFLLKHPDKLKKAYEEVDRVLTDAAPTYKQVLELTYIRMILNESLRLWPPAFSLYAKEDTVLGGEYPLEKGDELMVLIPQLHRDKTIWGDDVEEFRPERFENPSAIPQHAFKPFGNGQRACIGQQMQFALHEATLVLGMILKYFTLIDHENYELDIKQTLTLKPGDFHISVQSRHQEAIHADVQAAE,47.1
23132231,KETSPIPQPKTFGPLGNLPLIDKDKPTLSLIKLAEEQGPIFQIHTPAGTTIVVSGHELVKEVCDEKRFDKNLGKGLQKVREFGGDGLATSWTHEPNWQKAHRILLPSFSQKAMKGYHSMMLDAVQLVQKWERLNADEHIEVPEDMTRLTLDTIGLCGFNYRFNSFYYRDSQHPFITSMLRALKEAMNQSKRLGLQDKMMVKTKLQFQKDIEVMNSLVDSIIAERRANGDQDEKDLLARMLNVEDPETGEKLDDENIRFQIITFLIAGHETTSGLLSFATYFLLKHPDKLKKAYEEVDRVLTDAAPTYKQVLELTYIRMILNESLRLWPTAPAFSLYAKEDTVLGGEYPISKGQPVTVLIPKLHRDQNAWGPDAEDFRPERFEDPSSIPHHAYKPFGNGQRACIGFALHEATLVLGMMLKHFDFEDHTNYELDIKETLTLKPEGFVVKAKSKKIPLGGIPSPST,48.0
23113112,KETSPIPQPKTFGPLGNLPLIDKDKPTLSLIKLAEEQGPIFQIHTPAGTTIVVSGHELVKEVCDEKRFDKNLGKGLQKVREFGGDGLATSWTHEPNWQKAHRILLPSFSQKAMKGYHSMMLDAVQLVQKWERLNADEHIEVPEDMTRLTLDTIGLCGFNYRFNSFYRDQPHPFITSMVRALDEAMNKLQRANPDDPAYDENKRQFQEDIKVMNDLVVDRMIAERKANPDENIKDLLSLMLYAKDPVTGETLDDENIRYQIITFLIAGHTSGLLSFALYFLVKNPHVLQKAAEEAARVLVDPVPSYKQVKQLKYVGMVLNEALRLWPTAPAFSLYAKEDTVLGGEYPLEKGDELMVLIPQLHRDKTIWGDDVEEFRPERFENPSAIPQHAFKPFGNGQRACIGQQMQFALHEATLVLGMILKYFTLIDHENYELDIKQTLTLKPGDFHISVQSRHQEAIHADVQAAE,46.3
22232121,KETSPIPQPKTFGPLGNLPLIDKDKPTLSLIKLAEEQGPIFQIHTPAGTTIVVSGHELVKEVCDEERFDKSIEGALEKVRAFSGDGLATSWTHEPNWRKAHNILMPTFSQRAMKDYHEKMVDIAVQLIQKWARLNPNEAVDVPGDMTRLTLDTIGLCGFNYRFNSYYRDSQHPFITSMLRALKEAMNQSKRLGLQDKMMVKTKLQFQKDIEVMNSLVDSIIAERRANGDQDEKDLLARMLNVEDPETGEKLDDENIRFQIITFLIAGHTSGLLSFALYFLVKNPHVLQKAAEEAARVLVDPVPSYKQVKQLKYVGMVLNEALRLWPTATAPAFSLYPKEDTVIGGKFPITTNDRISVLIPQLHRDRDAWGKDAEEFRPERFEHQDQVPHHAYKPFGNGQRACIGFALHEATLVLGMMLKHFDFEDHTNYELDIKETLTLKPEGFVVKAKSKKIPLGGIPSPST,49.7
12232232,TIKEMPQPKTFGELKNLPLLNTDKPVQALMKIADELGEIFKFEAPGRVTRYLSSQRLIKEACDEEERFDKSIEGALEKVRAFSGDGLATSWTHEPNWRKAHNILMPTFSQRAMKDYHEKMVDIAVQLIQKWARLNPNEAVDVPGDMTRLTLDTIGLCGFNYRFNSYYRDSQHPFITSMLRALKEAMNQSKRLGLQDKMMVKTKLQFQKDIEVMNSLVDSIIAERRANGDQDEKDLLARMLNVEDPETGEKLDDENIRFQIITFLIAGHETTSGLLSFATYFLLKHPDKLKKAYEEVDRVLTDAAPTYKQVLELTYIRMILNESLRLWPTAPAFSLYAKEDTVLGGEYPISKGQPVTVLIPKLHRDQNAWGPDAEDFRPERFEDPSSIPHHAYKPFGNGQRACIGMQFALHEATLVLGMILKYFTLIDHENYELDIKQTLTLKPGDFHISVQSRHQEAIHADVQAAE,40.9
21313122,KETSPIPQPKTFGPLGNLPLIDKDKPTLSLIKLAEEQGPIFQIHTPAGTTIVVSGHELVKEVCDSRFDKNLSQALKFVRDFAGDGLATSWTHEKNWKKAHNILLPSFSQQAMKGYHAMMVDIIATQLIQKWSRLNPNEEIDVADDMTRLTLDTIGLCGFNYRFNSFRDQPHPFITSMVRALDEAMNKLQRANPDDPAYDENKRQFQEDIKVMNDLVVDRMIAERKANPDENIKDLLSLMLYAKDPVTGETLDDENIRYQIITFLIAGHTSGLLSFALYFLVKNPHVLQKAAEEAARVLVDPVPSYKQVKQLKYVGMVLNEALRLWPTATAPAFSLYPKEDTVIGGKFPITTNDRISVLIPQLHRDRDAWGKDAEEFRPERFEHQDQVPHHAYKPFGNGQRACIGMQFALHEATLVLGMILKYFTLIDHENYELDIKQTLTLKPGDFHISVQSRHQEAIHADVQAAE,50.5
21232212,KETSPIPQPKTFGPLGNLPLIDKDKPTLSLIKLAEEQGPIFQIHTPAGTTIVVSGHELVKEVCDSRFDKNLSQALKFVRDFAGDGLATSWTHEKNWKKAHNILLPSFSQQAMKGYHAMMVDIIAVQLIQKWARLNPNEAVDVPGDMTRLTLDTIGLCGFNYRFNSYYRDSQHPFITSMLRALKEAMNQSKRLGLQDKMMVKTKLQFQKDIEVMNSLVDSIIAERRANGDQDEKDLLARMLNVEDPETGEKLDDENIRFQIITFLIAGHETTSGLLSFATYFLLKHPDKLKKAYEEVDRVLTDAAPTYKQVLELTYIRMILNESLRLWPPAFSLYAKEDTVLGGEYPLEKGDELMVLIPQLHRDKTIWGDDVEEFRPERFENPSAIPQHAFKPFGNGQRACIGQQMQFALHEATLVLGMILKYFTLIDHENYELDIKQTLTLKPGDFHISVQSRHQEAIHADVQAAE,47.8
21212231,KETSPIPQPKTFGPLGNLPLIDKDKPTLSLIKLAEEQGPIFQIHTPAGTTIVVSGHELVKEVCDSRFDKNLSQALKFVRDFAGDGLATSWTHEKNWKKAHNILLPSFSQQAMKGYHAMMVDIIAVQLIQKWARLNPNEAVDVPGDMTRLTLDTIGLCGFNYRFNSYRDQPHPFITSMVRALDEAMNKLQRANPDDPAYDENKRQFQEDIKVMNDLVVDSIIAERRANGDQDEKDLLARMLNVEDPETGEKLDDENIRFQIITFLIAGHETTSGLLSFATYFLLKHPDKLKKAYEEVDRVLTDAAPTYKQVLELTYIRMILNESLRLWPTAPAFSLYAKEDTVLGGEYPISKGQPVTVLIPKLHRDQNAWGPDAEDFRPERFEDPSSIPHHAYKPFGNGQRACIGFALHEATLVLGMMLKHFDFEDHTNYELDIKETLTLKPEGFVVKAKSKKIPLGGIPSPST,59.9
23112333,KETSPIPQPKTFGPLGNLPLIDKDKPTLSLIKLAEEQGPIFQIHTPAGTTIVVSGHELVKEVCDEKRFDKNLGKGLQKVREFGGDGLATSWTHEPNWQKAHRILLPSFSQKAMKGYHSMMLDAVQLVQKWERLNADEHIEVPEDMTRLTLDTIGLCGFNYRFNSFYRDQPHPFITSMVRALDEAMNKLQRANPDDPAYDENKRQFQEDIKVMNDLVVDSIIAERRANGDQDEKDLLARMLNVEDPETGEKLDDENIRFQIITFLIAGHETTSGLLSFAIYCLLTHPEKLKKAQEEADRVLTDDTPEYKQIQQLKYIRMVLNETLRLYPTAPAFSLYAKEDTVLGGEYPISKGQPVTVLIPKLHRDQNAWGPDAEDFRPERFEDPSSIPHHAYKPFGNGQRACIGMQFALQEATMVLGLVLKHFELINHTGYELKIKEALTIKPDDFKITVKPRKTAAINVQRKEQA,54.3
21333223,KETSPIPQPKTFGPLGNLPLIDKDKPTLSLIKLAEEQGPIFQIHTPAGTTIVVSGHELVKEVCDSRFDKNLSQALKFVRDFAGDGLATSWTHEKNWKKAHNILLPSFSQQAMKGYHAMMVDIIATQLIQKWSRLNPNEEIDVADDMTRLTLDTIGLCGFNYRFNSFYRDSQHPFITSMLRALKEAMNQSKRLGLQDKMMVKTKLQFQKDIEVMNSLVDRMIAERKANPDENIKDLLSLMLYAKDPVTGETLDDENIRYQIITFLIAGHETTSGLLSFATYFLLKHPDKLKKAYEEVDRVLTDAAPTYKQVLELTYIRMILNESLRLWPTAPAFSLYPKEDTVIGGKFPITTNDRISVLIPQLHRDRDAWGKDAEEFRPERFEHQDQVPHHAYKPFGNGQRACIGMQFALQEATMVLGLVLKHFELINHTGYELKIKEALTIKPDDFKITVKPRKTAAINVQRKEQA,49.1
33312333,KQASAIPQPKTYGPLKNLPHLEKEQLSQSLWRIADELGPIFRFDFPGVSSVFVSGHNLVAEVCDEKRFDKNLGKGLQKVREFGGDGLATSWTHEPNWQKAHRILLPSFSQKAMKGYHSMMLDIATQLIQKWSRLNPNEEIDVADDMTRLTLDTIGLCGFNYRFNSFRDQPHPFITSMVRALDEAMNKLQRANPDDPAYDENKRQFQEDIKVMNDLVVDSIIAERRANGDQDEKDLLARMLNVEDPETGEKLDDENIRFQIITFLIAGHETTSGLLSFAIYCLLTHPEKLKKAQEEADRVLTDDTPEYKQIQQLKYIRMVLNETLRLYPTAPAFSLYAKEDTVLGGEYPISKGQPVTVLIPKLHRDQNAWGPDAEDFRPERFEDPSSIPHHAYKPFGNGQRACIGMQFALQEATMVLGLVLKHFELINHTGYELKIKEALTIKPDDFKITVKPRKTAAINVQRKEQA,54.7
12213212,TIKEMPQPKTFGELKNLPLLNTDKPVQALMKIADELGEIFKFEAPGRVTRYLSSQRLIKEACDEEERFDKSIEGALEKVRAFSGDGLATSWTHEPNWRKAHNILMPTFSQRAMKDYHEKMVDIAVQLIQKWARLNPNEAVDVPGDMTRLTLDTIGLCGFNYRFNSYRDQPHPFITSMVRALDEAMNKLQRANPDDPAYDENKRQFQEDIKVMNDLVVDRMIAERKANPDENIKDLLSLMLYAKDPVTGETLDDENIRYQIITFLIAGHETTSGLLSFATYFLLKHPDKLKKAYEEVDRVLTDAAPTYKQVLELTYIRMILNESLRLWPPAFSLYAKEDTVLGGEYPLEKGDELMVLIPQLHRDKTIWGDDVEEFRPERFENPSAIPQHAFKPFGNGQRACIGQQMQFALHEATLVLGMILKYFTLIDHENYELDIKQTLTLKPGDFHISVQSRHQEAIHADVQAAE,44.0
23213232,KETSPIPQPKTFGPLGNLPLIDKDKPTLSLIKLAEEQGPIFQIHTPAGTTIVVSGHELVKEVCDEKRFDKNLGKGLQKVREFGGDGLATSWTHEPNWQKAHRILLPSFSQKAMKGYHSMMLDIAVQLIQKWARLNPNEAVDVPGDMTRLTLDTIGLCGFNYRFNSYRDQPHPFITSMVRALDEAMNKLQRANPDDPAYDENKRQFQEDIKVMNDLVVDRMIAERKANPDENIKDLLSLMLYAKDPVTGETLDDENIRYQIITFLIAGHETTSGLLSFATYFLLKHPDKLKKAYEEVDRVLTDAAPTYKQVLELTYIRMILNESLRLWPTAPAFSLYAKEDTVLGGEYPISKGQPVTVLIPKLHRDQNAWGPDAEDFRPERFEDPSSIPHHAYKPFGNGQRACIGMQFALHEATLVLGMILKYFTLIDHENYELDIKQTLTLKPGDFHISVQSRHQEAIHADVQAAE,48.5
22313232,KETSPIPQPKTFGPLGNLPLIDKDKPTLSLIKLAEEQGPIFQIHTPAGTTIVVSGHELVKEVCDEERFDKSIEGALEKVRAFSGDGLATSWTHEPNWRKAHNILMPTFSQRAMKDYHEKMVDIATQLIQKWSRLNPNEEIDVADDMTRLTLDTIGLCGFNYRFNSFRDQPHPFITSMVRALDEAMNKLQRANPDDPAYDENKRQFQEDIKVMNDLVVDRMIAERKANPDENIKDLLSLMLYAKDPVTGETLDDENIRYQIITFLIAGHETTSGLLSFATYFLLKHPDKLKKAYEEVDRVLTDAAPTYKQVLELTYIRMILNESLRLWPTAPAFSLYAKEDTVLGGEYPISKGQPVTVLIPKLHRDQNAWGPDAEDFRPERFEDPSSIPHHAYKPFGNGQRACIGMQFALHEATLVLGMILKYFTLIDHENYELDIKQTLTLKPGDFHISVQSRHQEAIHADVQAAE,58.8
23132233,KETSPIPQPKTFGPLGNLPLIDKDKPTLSLIKLAEEQGPIFQIHTPAGTTIVVSGHELVKEVCDEKRFDKNLGKGLQKVREFGGDGLATSWTHEPNWQKAHRILLPSFSQKAMKGYHSMMLDAVQLVQKWERLNADEHIEVPEDMTRLTLDTIGLCGFNYRFNSFYYRDSQHPFITSMLRALKEAMNQSKRLGLQDKMMVKTKLQFQKDIEVMNSLVDSIIAERRANGDQDEKDLLARMLNVEDPETGEKLDDENIRFQIITFLIAGHETTSGLLSFATYFLLKHPDKLKKAYEEVDRVLTDAAPTYKQVLELTYIRMILNESLRLWPTAPAFSLYAKEDTVLGGEYPISKGQPVTVLIPKLHRDQNAWGPDAEDFRPERFEDPSSIPHHAYKPFGNGQRACIGMQFALQEATMVLGLVLKHFELINHTGYELKIKEALTIKPDDFKITVKPRKTAAINVQRKEQA,43.6
22113232,KETSPIPQPKTFGPLGNLPLIDKDKPTLSLIKLAEEQGPIFQIHTPAGTTIVVSGHELVKEVCDEERFDKSIEGALEKVRAFSGDGLATSWTHEPNWRKAHNILMPTFSQRAMKDYHEKMVDAVQLVQKWERLNADEHIEVPEDMTRLTLDTIGLCGFNYRFNSFYRDQPHPFITSMVRALDEAMNKLQRANPDDPAYDENKRQFQEDIKVMNDLVVDRMIAERKANPDENIKDLLSLMLYAKDPVTGETLDDENIRYQIITFLIAGHETTSGLLSFATYFLLKHPDKLKKAYEEVDRVLTDAAPTYKQVLELTYIRMILNESLRLWPTAPAFSLYAKEDTVLGGEYPISKGQPVTVLIPKLHRDQNAWGPDAEDFRPERFEDPSSIPHHAYKPFGNGQRACIGMQFALHEATLVLGMILKYFTLIDHENYELDIKQTLTLKPGDFHISVQSRHQEAIHADVQAAE,51.1
22312111,KETSPIPQPKTFGPLGNLPLIDKDKPTLSLIKLAEEQGPIFQIHTPAGTTIVVSGHELVKEVCDEERFDKSIEGALEKVRAFSGDGLATSWTHEPNWRKAHNILMPTFSQRAMKDYHEKMVDIATQLIQKWSRLNPNEEIDVADDMTRLTLDTIGLCGFNYRFNSFRDQPHPFITSMVRALDEAMNKLQRANPDDPAYDENKRQFQEDIKVMNDLVVDSIIAERRANGDQDEKDLLARMLNVEDPETGEKLDDENIRFQIITFLIAGHTSGLLSFALYFLVKNPHVLQKAAEEAARVLVDPVPSYKQVKQLKYVGMVLNEALRLWPTAPAFSLYAKEDTVLGGEYPLEKGDELMVLIPQLHRDKTIWGDDVEEFRPERFENPSAIPQHAFKPFGNGQRACIGQQFALHEATLVLGMMLKHFDFEDHTNYELDIKETLTLKPEGFVVKAKSKKIPLGGIPSPST,53.0
21313311,KETSPIPQPKTFGPLGNLPLIDKDKPTLSLIKLAEEQGPIFQIHTPAGTTIVVSGHELVKEVCDSRFDKNLSQALKFVRDFAGDGLATSWTHEKNWKKAHNILLPSFSQQAMKGYHAMMVDIIATQLIQKWSRLNPNEEIDVADDMTRLTLDTIGLCGFNYRFNSFRDQPHPFITSMVRALDEAMNKLQRANPDDPAYDENKRQFQEDIKVMNDLVVDRMIAERKANPDENIKDLLSLMLYAKDPVTGETLDDENIRYQIITFLIAGHETTSGLLSFAIYCLLTHPEKLKKAQEEADRVLTDDTPEYKQIQQLKYIRMVLNETLRLYPPAFSLYAKEDTVLGGEYPLEKGDELMVLIPQLHRDKTIWGDDVEEFRPERFENPSAIPQHAFKPFGNGQRACIGQQFALHEATLVLGMMLKHFDFEDHTNYELDIKETLTLKPEGFVVKAKSKKIPLGGIPSPST,56.9
11331333,TIKEMPQPKTFGELKNLPLLNTDKPVQALMKIADELGEIFKFEAPGRVTRYLSSQRLIKEACDESRFDKNLSQALKFVRDFAGDGLATSWTHEKNWKKAHNILLPSFSQQAMKGYHAMMVDIIATQLIQKWSRLNPNEEIDVADDMTRLTLDTIGLCGFNYRFNSFYRDSQHPFITSMLRALKEAMNQSKRLGLQDKMMVKTKLQFQKDIEVMNSLDKIIADRKASGEQSDDLLTHMLNGKDPETGEPLDDENIRYQIITFLIAGHETETTSGLLSFAIYCLLTHPEKLKKAQEEADRVLTDDTPEYKQIQQLKYIRMVLNETLRLYPTAPAFSLYAKEDTVLGGEYPISKGQPVTVLIPKLHRDQNAWGPDAEDFRPERFEDPSSIPHHAYKPFGNGQRACIGMQFALQEATMVLGLVLKHFELINHTGYELKIKEALTIKPDDFKITVKPRKTAAINVQRKEQA,46.3
32212233,KQASAIPQPKTYGPLKNLPHLEKEQLSQSLWRIADELGPIFRFDFPGVSSVFVSGHNLVAEVCDEERFDKSIEGALEKVRAFSGDGLATSWTHEPNWRKAHNILMPTFSQRAMKDYHEKMVDIAVQLIQKWARLNPNEAVDVPGDMTRLTLDTIGLCGFNYRFNSYRDQPHPFITSMVRALDEAMNKLQRANPDDPAYDENKRQFQEDIKVMNDLVVDSIIAERRANGDQDEKDLLARMLNVEDPETGEKLDDENIRFQIITFLIAGHETTSGLLSFATYFLLKHPDKLKKAYEEVDRVLTDAAPTYKQVLELTYIRMILNESLRLWPTAPAFSLYAKEDTVLGGEYPISKGQPVTVLIPKLHRDQNAWGPDAEDFRPERFEDPSSIPHHAYKPFGNGQRACIGMQFALQEATMVLGLVLKHFELINHTGYELKIKEALTIKPDDFKITVKPRKTAAINVQRKEQA,49.9
21332231,KETSPIPQPKTFGPLGNLPLIDKDKPTLSLIKLAEEQGPIFQIHTPAGTTIVVSGHELVKEVCDSRFDKNLSQALKFVRDFAGDGLATSWTHEKNWKKAHNILLPSFSQQAMKGYHAMMVDIIATQLIQKWSRLNPNEEIDVADDMTRLTLDTIGLCGFNYRFNSFYRDSQHPFITSMLRALKEAMNQSKRLGLQDKMMVKTKLQFQKDIEVMNSLVDSIIAERRANGDQDEKDLLARMLNVEDPETGEKLDDENIRFQIITFLIAGHETTSGLLSFATYFLLKHPDKLKKAYEEVDRVLTDAAPTYKQVLELTYIRMILNESLRLWPTAPAFSLYAKEDTVLGGEYPISKGQPVTVLIPKLHRDQNAWGPDAEDFRPERFEDPSSIPHHAYKPFGNGQRACIGFALHEATLVLGMMLKHFDFEDHTNYELDIKETLTLKPEGFVVKAKSKKIPLGGIPSPST,60.0
22333321,KETSPIPQPKTFGPLGNLPLIDKDKPTLSLIKLAEEQGPIFQIHTPAGTTIVVSGHELVKEVCDEERFDKSIEGALEKVRAFSGDGLATSWTHEPNWRKAHNILMPTFSQRAMKDYHEKMVDIATQLIQKWSRLNPNEEIDVADDMTRLTLDTIGLCGFNYRFNSFYRDSQHPFITSMLRALKEAMNQSKRLGLQDKMMVKTKLQFQKDIEVMNSLVDRMIAERKANPDENIKDLLSLMLYAKDPVTGETLDDENIRYQIITFLIAGHETTSGLLSFAIYCLLTHPEKLKKAQEEADRVLTDDTPEYKQIQQLKYIRMVLNETLRLYPTAPAFSLYPKEDTVIGGKFPITTNDRISVLIPQLHRDRDAWGKDAEEFRPERFEHQDQVPHHAYKPFGNGQRACIGFALHEATLVLGMMLKHFDFEDHTNYELDIKETLTLKPEGFVVKAKSKKIPLGGIPSPST,49.2
23133233,KETSPIPQPKTFGPLGNLPLIDKDKPTLSLIKLAEEQGPIFQIHTPAGTTIVVSGHELVKEVCDEKRFDKNLGKGLQKVREFGGDGLATSWTHEPNWQKAHRILLPSFSQKAMKGYHSMMLDAVQLVQKWERLNADEHIEVPEDMTRLTLDTIGLCGFNYRFNSFYYRDSQHPFITSMLRALKEAMNQSKRLGLQDKMMVKTKLQFQKDIEVMNSLVDRMIAERKANPDENIKDLLSLMLYAKDPVTGETLDDENIRYQIITFLIAGHETTSGLLSFATYFLLKHPDKLKKAYEEVDRVLTDAAPTYKQVLELTYIRMILNESLRLWPTAPAFSLYAKEDTVLGGEYPISKGQPVTVLIPKLHRDQNAWGPDAEDFRPERFEDPSSIPHHAYKPFGNGQRACIGMQFALQEATMVLGLVLKHFELINHTGYELKIKEALTIKPDDFKITVKPRKTAAINVQRKEQA,43.1
21232321,KETSPIPQPKTFGPLGNLPLIDKDKPTLSLIKLAEEQGPIFQIHTPAGTTIVVSGHELVKEVCDSRFDKNLSQALKFVRDFAGDGLATSWTHEKNWKKAHNILLPSFSQQAMKGYHAMMVDIIAVQLIQKWARLNPNEAVDVPGDMTRLTLDTIGLCGFNYRFNSYYRDSQHPFITSMLRALKEAMNQSKRLGLQDKMMVKTKLQFQKDIEVMNSLVDSIIAERRANGDQDEKDLLARMLNVEDPETGEKLDDENIRFQIITFLIAGHETTSGLLSFAIYCLLTHPEKLKKAQEEADRVLTDDTPEYKQIQQLKYIRMVLNETLRLYPTAPAFSLYPKEDTVIGGKFPITTNDRISVLIPQLHRDRDAWGKDAEEFRPERFEHQDQVPHHAYKPFGNGQRACIGFALHEATLVLGMMLKHFDFEDHTNYELDIKETLTLKPEGFVVKAKSKKIPLGGIPSPST,46.0
21132112,KETSPIPQPKTFGPLGNLPLIDKDKPTLSLIKLAEEQGPIFQIHTPAGTTIVVSGHELVKEVCDSRFDKNLSQALKFVRDFAGDGLATSWTHEKNWKKAHNILLPSFSQQAMKGYHAMMVDIAVQLVQKWERLNADEHIEVPEDMTRLTLDTIGLCGFNYRFNSFYYRDSQHPFITSMLRALKEAMNQSKRLGLQDKMMVKTKLQFQKDIEVMNSLVDSIIAERRANGDQDEKDLLARMLNVEDPETGEKLDDENIRFQIITFLIAGHTSGLLSFALYFLVKNPHVLQKAAEEAARVLVDPVPSYKQVKQLKYVGMVLNEALRLWPTAPAFSLYAKEDTVLGGEYPLEKGDELMVLIPQLHRDKTIWGDDVEEFRPERFENPSAIPQHAFKPFGNGQRACIGQQMQFALHEATLVLGMILKYFTLIDHENYELDIKQTLTLKPGDFHISVQSRHQEAIHADVQAAE,47.1
23132311,KETSPIPQPKTFGPLGNLPLIDKDKPTLSLIKLAEEQGPIFQIHTPAGTTIVVSGHELVKEVCDEKRFDKNLGKGLQKVREFGGDGLATSWTHEPNWQKAHRILLPSFSQKAMKGYHSMMLDAVQLVQKWERLNADEHIEVPEDMTRLTLDTIGLCGFNYRFNSFYYRDSQHPFITSMLRALKEAMNQSKRLGLQDKMMVKTKLQFQKDIEVMNSLVDSIIAERRANGDQDEKDLLARMLNVEDPETGEKLDDENIRFQIITFLIAGHETTSGLLSFAIYCLLTHPEKLKKAQEEADRVLTDDTPEYKQIQQLKYIRMVLNETLRLYPPAFSLYAKEDTVLGGEYPLEKGDELMVLIPQLHRDKTIWGDDVEEFRPERFENPSAIPQHAFKPFGNGQRACIGQQFALHEATLVLGMMLKHFDFEDHTNYELDIKETLTLKPEGFVVKAKSKKIPLGGIPSPST,44.5
21312123,KETSPIPQPKTFGPLGNLPLIDKDKPTLSLIKLAEEQGPIFQIHTPAGTTIVVSGHELVKEVCDSRFDKNLSQALKFVRDFAGDGLATSWTHEKNWKKAHNILLPSFSQQAMKGYHAMMVDIIATQLIQKWSRLNPNEEIDVADDMTRLTLDTIGLCGFNYRFNSFRDQPHPFITSMVRALDEAMNKLQRANPDDPAYDENKRQFQEDIKVMNDLVVDSIIAERRANGDQDEKDLLARMLNVEDPETGEKLDDENIRFQIITFLIAGHTSGLLSFALYFLVKNPHVLQKAAEEAARVLVDPVPSYKQVKQLKYVGMVLNEALRLWPTATAPAFSLYPKEDTVIGGKFPITTNDRISVLIPQLHRDRDAWGKDAEEFRPERFEHQDQVPHHAYKPFGNGQRACIGMQFALQEATMVLGLVLKHFELINHTGYELKIKEALTIKPDDFKITVKPRKTAAINVQRKEQA,60.8
23133311,KETSPIPQPKTFGPLGNLPLIDKDKPTLSLIKLAEEQGPIFQIHTPAGTTIVVSGHELVKEVCDEKRFDKNLGKGLQKVREFGGDGLATSWTHEPNWQKAHRILLPSFSQKAMKGYHSMMLDAVQLVQKWERLNADEHIEVPEDMTRLTLDTIGLCGFNYRFNSFYYRDSQHPFITSMLRALKEAMNQSKRLGLQDKMMVKTKLQFQKDIEVMNSLVDRMIAERKANPDENIKDLLSLMLYAKDPVTGETLDDENIRYQIITFLIAGHETTSGLLSFAIYCLLTHPEKLKKAQEEADRVLTDDTPEYKQIQQLKYIRMVLNETLRLYPPAFSLYAKEDTVLGGEYPLEKGDELMVLIPQLHRDKTIWGDDVEEFRPERFENPSAIPQHAFKPFGNGQRACIGQQFALHEATLVLGMMLKHFDFEDHTNYELDIKETLTLKPEGFVVKAKSKKIPLGGIPSPST,44.2
22113111,KETSPIPQPKTFGPLGNLPLIDKDKPTLSLIKLAEEQGPIFQIHTPAGTTIVVSGHELVKEVCDEERFDKSIEGALEKVRAFSGDGLATSWTHEPNWRKAHNILMPTFSQRAMKDYHEKMVDAVQLVQKWERLNADEHIEVPEDMTRLTLDTIGLCGFNYRFNSFYRDQPHPFITSMVRALDEAMNKLQRANPDDPAYDENKRQFQEDIKVMNDLVVDRMIAERKANPDENIKDLLSLMLYAKDPVTGETLDDENIRYQIITFLIAGHTSGLLSFALYFLVKNPHVLQKAAEEAARVLVDPVPSYKQVKQLKYVGMVLNEALRLWPTAPAFSLYAKEDTVLGGEYPLEKGDELMVLIPQLHRDKTIWGDDVEEFRPERFENPSAIPQHAFKPFGNGQRACIGQQFALHEATLVLGMMLKHFDFEDHTNYELDIKETLTLKPEGFVVKAKSKKIPLGGIPSPST,49.2
23212211,KETSPIPQPKTFGPLGNLPLIDKDKPTLSLIKLAEEQGPIFQIHTPAGTTIVVSGHELVKEVCDEKRFDKNLGKGLQKVREFGGDGLATSWTHEPNWQKAHRILLPSFSQKAMKGYHSMMLDIAVQLIQKWARLNPNEAVDVPGDMTRLTLDTIGLCGFNYRFNSYRDQPHPFITSMVRALDEAMNKLQRANPDDPAYDENKRQFQEDIKVMNDLVVDSIIAERRANGDQDEKDLLARMLNVEDPETGEKLDDENIRFQIITFLIAGHETTSGLLSFATYFLLKHPDKLKKAYEEVDRVLTDAAPTYKQVLELTYIRMILNESLRLWPPAFSLYAKEDTVLGGEYPLEKGDELMVLIPQLHRDKTIWGDDVEEFRPERFENPSAIPQHAFKPFGNGQRACIGQQFALHEATLVLGMMLKHFDFEDHTNYELDIKETLTLKPEGFVVKAKSKKIPLGGIPSPST,50.7
21212321,KETSPIPQPKTFGPLGNLPLIDKDKPTLSLIKLAEEQGPIFQIHTPAGTTIVVSGHELVKEVCDSRFDKNLSQALKFVRDFAGDGLATSWTHEKNWKKAHNILLPSFSQQAMKGYHAMMVDIIAVQLIQKWARLNPNEAVDVPGDMTRLTLDTIGLCGFNYRFNSYRDQPHPFITSMVRALDEAMNKLQRANPDDPAYDENKRQFQEDIKVMNDLVVDSIIAERRANGDQDEKDLLARMLNVEDPETGEKLDDENIRFQIITFLIAGHETTSGLLSFAIYCLLTHPEKLKKAQEEADRVLTDDTPEYKQIQQLKYIRMVLNETLRLYPTAPAFSLYPKEDTVIGGKFPITTNDRISVLIPQLHRDRDAWGKDAEEFRPERFEHQDQVPHHAYKPFGNGQRACIGFALHEATLVLGMMLKHFDFEDHTNYELDIKETLTLKPEGFVVKAKSKKIPLGGIPSPST,53.3
21333211,KETSPIPQPKTFGPLGNLPLIDKDKPTLSLIKLAEEQGPIFQIHTPAGTTIVVSGHELVKEVCDSRFDKNLSQALKFVRDFAGDGLATSWTHEKNWKKAHNILLPSFSQQAMKGYHAMMVDIIATQLIQKWSRLNPNEEIDVADDMTRLTLDTIGLCGFNYRFNSFYRDSQHPFITSMLRALKEAMNQSKRLGLQDKMMVKTKLQFQKDIEVMNSLVDRMIAERKANPDENIKDLLSLMLYAKDPVTGETLDDENIRYQIITFLIAGHETTSGLLSFATYFLLKHPDKLKKAYEEVDRVLTDAAPTYKQVLELTYIRMILNESLRLWPPAFSLYAKEDTVLGGEYPLEKGDELMVLIPQLHRDKTIWGDDVEEFRPERFENPSAIPQHAFKPFGNGQRACIGQQFALHEATLVLGMMLKHFDFEDHTNYELDIKETLTLKPEGFVVKAKSKKIPLGGIPSPST,55.9
22232212,KETSPIPQPKTFGPLGNLPLIDKDKPTLSLIKLAEEQGPIFQIHTPAGTTIVVSGHELVKEVCDEERFDKSIEGALEKVRAFSGDGLATSWTHEPNWRKAHNILMPTFSQRAMKDYHEKMVDIAVQLIQKWARLNPNEAVDVPGDMTRLTLDTIGLCGFNYRFNSYYRDSQHPFITSMLRALKEAMNQSKRLGLQDKMMVKTKLQFQKDIEVMNSLVDSIIAERRANGDQDEKDLLARMLNVEDPETGEKLDDENIRFQIITFLIAGHETTSGLLSFATYFLLKHPDKLKKAYEEVDRVLTDAAPTYKQVLELTYIRMILNESLRLWPPAFSLYAKEDTVLGGEYPLEKGDELMVLIPQLHRDKTIWGDDVEEFRPERFENPSAIPQHAFKPFGNGQRACIGQQMQFALHEATLVLGMILKYFTLIDHENYELDIKQTLTLKPGDFHISVQSRHQEAIHADVQAAE,46.2
23313323,KETSPIPQPKTFGPLGNLPLIDKDKPTLSLIKLAEEQGPIFQIHTPAGTTIVVSGHELVKEVCDEKRFDKNLGKGLQKVREFGGDGLATSWTHEPNWQKAHRILLPSFSQKAMKGYHSMMLDIATQLIQKWSRLNPNEEIDVADDMTRLTLDTIGLCGFNYRFNSFRDQPHPFITSMVRALDEAMNKLQRANPDDPAYDENKRQFQEDIKVMNDLVVDRMIAERKANPDENIKDLLSLMLYAKDPVTGETLDDENIRYQIITFLIAGHETTSGLLSFAIYCLLTHPEKLKKAQEEADRVLTDDTPEYKQIQQLKYIRMVLNETLRLYPTAPAFSLYPKEDTVIGGKFPITTNDRISVLIPQLHRDRDAWGKDAEEFRPERFEHQDQVPHHAYKPFGNGQRACIGMQFALQEATMVLGLVLKHFELINHTGYELKIKEALTIKPDDFKITVKPRKTAAINVQRKEQA,50.9
32312333,KQASAIPQPKTYGPLKNLPHLEKEQLSQSLWRIADELGPIFRFDFPGVSSVFVSGHNLVAEVCDEERFDKSIEGALEKVRAFSGDGLATSWTHEPNWRKAHNILMPTFSQRAMKDYHEKMVDIATQLIQKWSRLNPNEEIDVADDMTRLTLDTIGLCGFNYRFNSFRDQPHPFITSMVRALDEAMNKLQRANPDDPAYDENKRQFQEDIKVMNDLVVDSIIAERRANGDQDEKDLLARMLNVEDPETGEKLDDENIRFQIITFLIAGHETTSGLLSFAIYCLLTHPEKLKKAQEEADRVLTDDTPEYKQIQQLKYIRMVLNETLRLYPTAPAFSLYAKEDTVLGGEYPISKGQPVTVLIPKLHRDQNAWGPDAEDFRPERFEDPSSIPHHAYKPFGNGQRACIGMQFALQEATMVLGLVLKHFELINHTGYELKIKEALTIKPDDFKITVKPRKTAAINVQRKEQA,57.8
12313331,TIKEMPQPKTFGELKNLPLLNTDKPVQALMKIADELGEIFKFEAPGRVTRYLSSQRLIKEACDEEERFDKSIEGALEKVRAFSGDGLATSWTHEPNWRKAHNILMPTFSQRAMKDYHEKMVDIATQLIQKWSRLNPNEEIDVADDMTRLTLDTIGLCGFNYRFNSFRDQPHPFITSMVRALDEAMNKLQRANPDDPAYDENKRQFQEDIKVMNDLVVDRMIAERKANPDENIKDLLSLMLYAKDPVTGETLDDENIRYQIITFLIAGHETTSGLLSFAIYCLLTHPEKLKKAQEEADRVLTDDTPEYKQIQQLKYIRMVLNETLRLYPTAPAFSLYAKEDTVLGGEYPISKGQPVTVLIPKLHRDQNAWGPDAEDFRPERFEDPSSIPHHAYKPFGNGQRACIGFALHEATLVLGMMLKHFDFEDHTNYELDIKETLTLKPEGFVVKAKSKKIPLGGIPSPST,51.2
21311331,KETSPIPQPKTFGPLGNLPLIDKDKPTLSLIKLAEEQGPIFQIHTPAGTTIVVSGHELVKEVCDSRFDKNLSQALKFVRDFAGDGLATSWTHEKNWKKAHNILLPSFSQQAMKGYHAMMVDIIATQLIQKWSRLNPNEEIDVADDMTRLTLDTIGLCGFNYRFNSFRDQPHPFITSMVRALDEAMNKLQRANPDDPAYDENKRQFQEDIKVMNDLVDKIIADRKASGEQSDDLLTHMLNGKDPETGEPLDDENIRYQIITFLIAGHETETTSGLLSFAIYCLLTHPEKLKKAQEEADRVLTDDTPEYKQIQQLKYIRMVLNETLRLYPTAPAFSLYAKEDTVLGGEYPISKGQPVTVLIPKLHRDQNAWGPDAEDFRPERFEDPSSIPHHAYKPFGNGQRACIGFALHEATLVLGMMLKHFDFEDHTNYELDIKETLTLKPEGFVVKAKSKKIPLGGIPSPST,62.9
21313231,KETSPIPQPKTFGPLGNLPLIDKDKPTLSLIKLAEEQGPIFQIHTPAGTTIVVSGHELVKEVCDSRFDKNLSQALKFVRDFAGDGLATSWTHEKNWKKAHNILLPSFSQQAMKGYHAMMVDIIATQLIQKWSRLNPNEEIDVADDMTRLTLDTIGLCGFNYRFNSFRDQPHPFITSMVRALDEAMNKLQRANPDDPAYDENKRQFQEDIKVMNDLVVDRMIAERKANPDENIKDLLSLMLYAKDPVTGETLDDENIRYQIITFLIAGHETTSGLLSFATYFLLKHPDKLKKAYEEVDRVLTDAAPTYKQVLELTYIRMILNESLRLWPTAPAFSLYAKEDTVLGGEYPISKGQPVTVLIPKLHRDQNAWGPDAEDFRPERFEDPSSIPHHAYKPFGNGQRACIGFALHEATLVLGMMLKHFDFEDHTNYELDIKETLTLKPEGFVVKAKSKKIPLGGIPSPST,61.0
22312133,KETSPIPQPKTFGPLGNLPLIDKDKPTLSLIKLAEEQGPIFQIHTPAGTTIVVSGHELVKEVCDEERFDKSIEGALEKVRAFSGDGLATSWTHEPNWRKAHNILMPTFSQRAMKDYHEKMVDIATQLIQKWSRLNPNEEIDVADDMTRLTLDTIGLCGFNYRFNSFRDQPHPFITSMVRALDEAMNKLQRANPDDPAYDENKRQFQEDIKVMNDLVVDSIIAERRANGDQDEKDLLARMLNVEDPETGEKLDDENIRFQIITFLIAGHTSGLLSFALYFLVKNPHVLQKAAEEAARVLVDPVPSYKQVKQLKYVGMVLNEALRLWPTATAPAFSLYAKEDTVLGGEYPISKGQPVTVLIPKLHRDQNAWGPDAEDFRPERFEDPSSIPHHAYKPFGNGQRACIGMQFALQEATMVLGLVLKHFELINHTGYELKIKEALTIKPDDFKITVKPRKTAAINVQRKEQA,57.1
22312231,KETSPIPQPKTFGPLGNLPLIDKDKPTLSLIKLAEEQGPIFQIHTPAGTTIVVSGHELVKEVCDEERFDKSIEGALEKVRAFSGDGLATSWTHEPNWRKAHNILMPTFSQRAMKDYHEKMVDIATQLIQKWSRLNPNEEIDVADDMTRLTLDTIGLCGFNYRFNSFRDQPHPFITSMVRALDEAMNKLQRANPDDPAYDENKRQFQEDIKVMNDLVVDSIIAERRANGDQDEKDLLARMLNVEDPETGEKLDDENIRFQIITFLIAGHETTSGLLSFATYFLLKHPDKLKKAYEEVDRVLTDAAPTYKQVLELTYIRMILNESLRLWPTAPAFSLYAKEDTVLGGEYPISKGQPVTVLIPKLHRDQNAWGPDAEDFRPERFEDPSSIPHHAYKPFGNGQRACIGFALHEATLVLGMMLKHFDFEDHTNYELDIKETLTLKPEGFVVKAKSKKIPLGGIPSPST,60.0
22312311,KETSPIPQPKTFGPLGNLPLIDKDKPTLSLIKLAEEQGPIFQIHTPAGTTIVVSGHELVKEVCDEERFDKSIEGALEKVRAFSGDGLATSWTHEPNWRKAHNILMPTFSQRAMKDYHEKMVDIATQLIQKWSRLNPNEEIDVADDMTRLTLDTIGLCGFNYRFNSFRDQPHPFITSMVRALDEAMNKLQRANPDDPAYDENKRQFQEDIKVMNDLVVDSIIAERRANGDQDEKDLLARMLNVEDPETGEKLDDENIRFQIITFLIAGHETTSGLLSFAIYCLLTHPEKLKKAQEEADRVLTDDTPEYKQIQQLKYIRMVLNETLRLYPPAFSLYAKEDTVLGGEYPLEKGDELMVLIPQLHRDKTIWGDDVEEFRPERFENPSAIPQHAFKPFGNGQRACIGQQFALHEATLVLGMMLKHFDFEDHTNYELDIKETLTLKPEGFVVKAKSKKIPLGGIPSPST,55.6
22312332,KETSPIPQPKTFGPLGNLPLIDKDKPTLSLIKLAEEQGPIFQIHTPAGTTIVVSGHELVKEVCDEERFDKSIEGALEKVRAFSGDGLATSWTHEPNWRKAHNILMPTFSQRAMKDYHEKMVDIATQLIQKWSRLNPNEEIDVADDMTRLTLDTIGLCGFNYRFNSFRDQPHPFITSMVRALDEAMNKLQRANPDDPAYDENKRQFQEDIKVMNDLVVDSIIAERRANGDQDEKDLLARMLNVEDPETGEKLDDENIRFQIITFLIAGHETTSGLLSFAIYCLLTHPEKLKKAQEEADRVLTDDTPEYKQIQQLKYIRMVLNETLRLYPTAPAFSLYAKEDTVLGGEYPISKGQPVTVLIPKLHRDQNAWGPDAEDFRPERFEDPSSIPHHAYKPFGNGQRACIGMQFALHEATLVLGMILKYFTLIDHENYELDIKQTLTLKPGDFHISVQSRHQEAIHADVQAAE,59.1
22312333,KETSPIPQPKTFGPLGNLPLIDKDKPTLSLIKLAEEQGPIFQIHTPAGTTIVVSGHELVKEVCDEERFDKSIEGALEKVRAFSGDGLATSWTHEPNWRKAHNILMPTFSQRAMKDYHEKMVDIATQLIQKWSRLNPNEEIDVADDMTRLTLDTIGLCGFNYRFNSFRDQPHPFITSMVRALDEAMNKLQRANPDDPAYDENKRQFQEDIKVMNDLVVDSIIAERRANGDQDEKDLLARMLNVEDPETGEKLDDENIRFQIITFLIAGHETTSGLLSFAIYCLLTHPEKLKKAQEEADRVLTDDTPEYKQIQQLKYIRMVLNETLRLYPTAPAFSLYAKEDTVLGGEYPISKGQPVTVLIPKLHRDQNAWGPDAEDFRPERFEDPSSIPHHAYKPFGNGQRACIGMQFALQEATMVLGLVLKHFELINHTGYELKIKEALTIKPDDFKITVKPRKTAAINVQRKEQA,63.5
21312333,KETSPIPQPKTFGPLGNLPLIDKDKPTLSLIKLAEEQGPIFQIHTPAGTTIVVSGHELVKEVCDSRFDKNLSQALKFVRDFAGDGLATSWTHEKNWKKAHNILLPSFSQQAMKGYHAMMVDIIATQLIQKWSRLNPNEEIDVADDMTRLTLDTIGLCGFNYRFNSFRDQPHPFITSMVRALDEAMNKLQRANPDDPAYDENKRQFQEDIKVMNDLVVDSIIAERRANGDQDEKDLLARMLNVEDPETGEKLDDENIRFQIITFLIAGHETTSGLLSFAIYCLLTHPEKLKKAQEEADRVLTDDTPEYKQIQQLKYIRMVLNETLRLYPTAPAFSLYAKEDTVLGGEYPISKGQPVTVLIPKLHRDQNAWGPDAEDFRPERFEDPSSIPHHAYKPFGNGQRACIGMQFALQEATMVLGLVLKHFELINHTGYELKIKEALTIKPDDFKITVKPRKTAAINVQRKEQA,64.4
